일자,종가,대비,등락률,시가,고가,저가,거래량,거래대금,시가총액,상장주식수
2023-07-28,117655,-8965,-7.08,128046,128148,117452,1498624,1.77E+11,5.85E+12,50630000
2023-07-27,126620,-2546,-1.97,142103,153818,125397,3658359,5.00E+11,6.29E+12,50630000
2023-07-26,129166,-6316,-4.66,137112,137214,127842,880092,1.13E+11,6.42E+12,50630000
2023-07-25,135482,3973,3.02,131509,136602,131407,650885,85887184300,6.73E+12,50630000
2023-07-24,131509,815,0.62,130389,134260,129370,569033,73693639300,6.54E+12,50630000
2023-07-21,130694,407,0.31,130287,131305,128351,284793,36379792500,6.50E+12,50630000
2023-07-20,130287,0,0,129064,131815,128249,317237,40525621800,6.48E+12,50630000
2023-07-19,130287,-407,-0.31,131000,132732,129166,384691,49359134300,6.48E+12,50630000
2023-07-18,130694,-2751,-2.06,133445,133852,129777,487784,62734743700,6.50E+12,50630000
2023-07-17,133445,-4889,-3.53,137417,137417,133139,577782,76337844100,6.63E+12,50630000
2023-07-14,138334,-5501,-3.82,144039,144344,137621,618269,85040667900,6.88E+12,50630000
2023-07-13,143835,4075,2.92,140983,144650,139047,581764,81471104800,7.15E+12,50630000
2023-07-12,139760,-4075,-2.83,145261,145363,138945,566812,78314502800,6.95E+12,50630000
2023-07-11,143835,9575,7.13,134463,146585,132630,1103131,1.53E+11,7.15E+12,50630000
2023-07-10,134260,306,0.23,138029,138130,133037,555283,73736182200,6.67E+12,50630000
2023-07-07,133954,-102,-0.08,133546,134565,131509,356338,46565275700,6.66E+12,50630000
2023-07-06,134056,-1120,-0.83,135278,136297,132935,399689,52701597900,6.66E+12,50630000
2023-07-05,135176,1018,0.76,134463,136297,132833,434861,57565242500,6.72E+12,50630000
2023-07-04,134158,1630,1.23,133445,134769,130491,519498,67776347100,6.67E+12,50630000
2023-07-03,132528,2751,2.12,130389,133241,127129,547670,70298192600,6.59E+12,50630000
2023-06-30,129777,2241,1.76,128249,131305,127027,617712,78553414300,6.45E+12,50630000
2023-06-29,127536,-2547,-1.96,129472,131000,126314,694754,87488047900,6.34E+12,50630000
2023-06-28,130083,-2852,-2.15,133954,134463,129166,502922,64881808700,6.47E+12,50630000
2023-06-27,132935,-1121,-0.84,133954,135889,131407,453981,59386607100,6.61E+12,50630000
2023-06-26,134056,-2852,-2.08,135278,135889,131102,691892,90422161200,6.66E+12,50630000
2023-06-23,136908,-3362,-2.4,139964,140066,135788,657133,88453982400,6.80E+12,50630000
2023-06-22,140270,-1120,-0.79,142103,144650,137927,952635,1.32E+11,6.97E+12,50630000
2023-06-21,141390,-3769,-2.6,146585,150151,140473,1579729,2.23E+11,7.03E+12,50630000
2023-06-20,145159,5297,3.79,139862,146891,138334,2163105,3.03E+11,7.21E+12,50630000
2023-06-19,139862,20882,17.55,120508,141390,120406,3449870,4.54E+11,6.95E+12,50630000
2023-06-16,118980,5501,4.85,114396,120202,114294,1152941,1.33E+11,5.91E+12,50630000
2023-06-15,113479,713,0.63,112358,115924,111238,723700,80676220800,5.64E+12,50630000
2023-06-14,112766,713,0.64,112053,113886,111442,557807,61677121900,5.60E+12,50630000
2023-06-13,112053,1834,1.66,110728,112460,107672,864825,94001066582,5.57E+12,50630000
2023-06-12,110219,1120,1.03,110015,112460,109608,637582,69468160000,5.48E+12,50630000
2023-06-09,109099,-1120,-1.02,110219,110321,108997,421216,45271147900,5.42E+12,50630000
2023-06-08,110219,407,0.37,110321,111442,109302,461623,49975306200,5.48E+12,50630000
2023-06-07,109812,-1426,-1.28,111645,112970,109710,515477,56019606300,5.46E+12,50630000
2023-06-05,111238,-1630,-1.44,113275,114498,110728,373732,41034388500,5.53E+12,50630000
2023-06-02,112868,2853,2.59,110830,113275,110015,648474,71296119500,5.61E+12,50630000
2023-06-01,110015,1935,1.79,108182,112868,108182,738235,80043352400,5.47E+12,50630000
2023-05-31,108080,509,0.47,107571,109812,106043,3792605,4.02E+11,5.37E+12,50630000
2023-05-30,107571,-916,-0.85,109914,111034,106959,610126,64916796700,5.35E+12,50630000
2023-05-26,108487,-1528,-1.39,111849,112970,107571,656878,70826339500,5.39E+12,50630000
2023-05-25,110015,-2751,-2.44,111543,112460,109404,494665,53808831400,5.47E+12,50630000
2023-05-24,112766,-204,-0.18,113275,114090,111034,534248,58983400200,5.60E+12,50630000
2023-05-23,112970,-101,-0.09,114294,114396,110015,624682,68798066400,5.61E+12,50630000
2023-05-22,113071,4176,3.84,110830,114905,110627,997093,1.10E+11,5.62E+12,50630000
2023-05-19,108895,3056,2.89,106145,108997,105941,648131,68428257500,5.41E+12,50630000
2023-05-18,105839,-204,-0.19,106654,108487,105228,532144,55651844900,5.26E+12,50630000
2023-05-17,106043,612,0.58,102885,106348,102885,514464,53097742500,5.27E+12,50630000
2023-05-16,105431,-102,-0.1,105533,106246,104311,345873,35754517600,5.24E+12,50630000
2023-05-15,105533,611,0.58,104922,106043,103394,386000,39794508200,5.25E+12,50630000
2023-05-12,104922,-3565,-3.29,109099,110117,103598,895265,92620674900,5.21E+12,50630000
2023-05-11,108487,3463,3.3,105635,109099,104413,826180,87367523600,5.39E+12,50630000
2023-05-10,105024,1121,1.08,105533,106959,104515,431547,44610998100,5.22E+12,50630000
2023-05-09,103903,-3056,-2.86,107774,107774,103496,585009,60053779900,5.16E+12,50630000
2023-05-08,106959,-102,-0.1,108997,109404,106145,441171,46574937400,5.32E+12,50630000
2023-05-04,107061,-1834,-1.68,108080,109914,105228,578503,60756813400,5.32E+12,50630000
2023-05-03,108895,-713,-0.65,109302,113377,108386,734506,79863567300,5.41E+12,50630000
2023-05-02,109608,4991,4.77,103903,111034,103292,1168016,1.25E+11,5.45E+12,50630000
2023-04-28,104617,-8454,-7.48,114090,116127,103292,1931998,2.02E+11,5.20E+12,50630000
2023-04-27,113071,3157,2.87,107367,116637,104515,1995126,2.17E+11,5.62E+12,50630000
2023-04-26,109914,-2648,-2.35,113275,113275,103496,1505333,1.60E+11,5.46E+12,50630000
2023-04-25,112562,4278,3.95,109608,115109,107672,1780880,1.96E+11,5.59E+12,50630000
2023-04-24,108284,-203,-0.19,109914,115822,107367,1725336,1.90E+11,5.38E+12,50630000
2023-04-21,108487,-1223,-1.11,110423,110525,105533,626358,66423294800,5.39E+12,50630000
2023-04-20,109710,-611,-0.55,111136,114294,108997,1056030,1.16E+11,5.45E+12,50630000
2023-04-19,110321,-611,-0.55,111543,112664,108997,546569,59206534700,5.48E+12,50630000
2023-04-18,110932,-1426,-1.27,112358,112868,109302,569886,62346643600,5.51E+12,50630000
2023-04-17,112358,2546,2.32,110627,113275,110525,655707,72261817200,5.58E+12,50630000
2023-04-14,109812,-4074,-3.58,113886,114294,108487,1054600,1.14E+11,5.46E+12,50630000
2023-04-13,113886,-815,-0.71,114701,115007,111747,724967,80777601700,5.66E+12,50630000
2023-04-12,114701,102,0.09,114599,118776,113581,780334,88806683700,5.70E+12,50630000
2023-04-11,114599,-4890,-4.09,121832,122341,112155,1247293,1.42E+11,5.70E+12,50630000
2023-04-10,119489,6519,5.77,113275,121017,111747,925624,1.06E+11,5.94E+12,50630000
2023-04-07,112970,-2342,-2.03,114803,114803,110932,630559,69725272200,5.61E+12,50630000
2023-04-06,115312,1222,1.07,115109,116127,112970,633948,71382674305,5.73E+12,50630000
2023-04-05,114090,4584,4.19,110728,117044,110015,1327487,1.49E+11,5.67E+12,50630000
2023-04-04,109506,4991,4.78,105941,112053,105839,1031591,1.11E+11,5.44E+12,50630000
2023-04-03,104515,3464,3.43,101764,105635,101662,647755,66166179300,5.19E+12,50630000
2023-03-31,101051,2648,2.69,98097,101866,97995,743242,73474267700,5.02E+12,50630000
2023-03-30,98403,1834,1.9,96977,99421,96365,622123,60049271300,4.89E+12,50630000
2023-03-29,96569,-509,-0.52,97384,97486,95041,385700,36460149400,4.80E+12,50630000
2023-03-28,97078,2444,2.58,94226,98505,94226,694025,66013681600,4.83E+12,50630000
2023-03-27,94634,1223,1.31,93513,95245,92800,590882,54630818800,4.70E+12,50630000
2023-03-24,93411,-408,-0.43,94226,94837,92189,630188,57847655900,4.64E+12,50630000
2023-03-23,93819,1223,1.32,92596,95041,91680,875835,80905817000,4.66E+12,50630000
2023-03-22,92596,-6622,-6.67,99727,99727,90457,2152452,1.97E+11,4.60E+12,50630000
2023-03-21,99218,1732,1.78,98606,99829,98199,493406,48041215000,4.93E+12,50630000
2023-03-20,97486,611,0.63,96467,100236,96365,540229,52012935600,4.85E+12,50630000
2023-03-17,96875,-713,-0.73,98403,100949,96162,828993,79649596900,4.81E+12,50630000
2023-03-16,97588,-3565,-3.52,101153,101561,95754,795177,76527286300,4.85E+12,50630000
2023-03-15,101153,4380,4.53,98505,101866,97588,741996,73182843100,5.03E+12,50630000
2023-03-14,96773,-611,-0.63,97791,99421,95958,602698,57590276400,4.81E+12,50630000
2023-03-13,97384,0,0,96365,97690,93411,609113,57304693100,4.84E+12,50630000
2023-03-10,97384,-1630,-1.65,98199,99625,96467,443432,42681006700,4.84E+12,50630000
2023-03-09,99014,917,0.93,98403,99421,96977,478336,46308686100,4.92E+12,50630000
2023-03-08,98097,-1019,-1.03,97893,100338,97384,475960,46036425800,4.88E+12,50630000
2023-03-07,99116,917,0.93,98199,99931,97690,484358,47011884700,4.93E+12,50630000
2023-03-06,98199,2750,2.88,95958,99727,95856,727745,70158027800,4.88E+12,50630000
2023-03-03,95449,2853,3.08,92902,95652,92393,736845,68564606600,4.74E+12,50630000
2023-03-02,92596,916,1,92087,93208,89948,581801,52631209500,4.60E+12,50630000
2023-02-28,91680,1019,1.12,91068,93615,90152,693508,62647193700,4.56E+12,50630000
2023-02-27,90661,-3260,-3.47,94735,94735,88725,1224091,1.09E+11,4.51E+12,50630000
2023-02-24,93921,3260,3.6,90661,94226,90457,959293,87510958300,4.67E+12,50630000
2023-02-23,90661,2445,2.77,88624,91068,87809,503174,44348112600,4.51E+12,50630000
2023-02-22,88216,-1222,-1.37,88725,93004,87707,1063145,94119284200,4.38E+12,50630000
2023-02-21,89438,407,0.46,88725,90152,88114,458648,40210174600,4.45E+12,50630000
2023-02-20,89031,-815,-0.91,90152,91476,88012,540262,47409726500,4.43E+12,50630000
2023-02-17,89846,509,0.57,88318,90763,86688,463264,40646558800,4.47E+12,50630000
2023-02-16,89337,612,0.69,88624,90559,87707,581021,50815677800,4.44E+12,50630000
2023-02-15,88725,-1936,-2.13,90763,91476,87605,647806,56775863600,4.41E+12,50630000
2023-02-14,90661,1528,1.71,89235,91883,88725,775412,68929062000,4.51E+12,50630000
2023-02-13,89133,-407,-0.46,89846,90966,88522,687968,60440075600,4.43E+12,50630000
2023-02-10,89540,3361,3.9,85262,90661,85262,1247021,1.08E+11,4.45E+12,50630000
2023-02-09,86179,713,0.83,85364,87197,85058,677743,57518266300,4.28E+12,50630000
2023-02-08,85466,510,0.6,85669,86382,84651,444883,37312641500,4.25E+12,50630000
2023-02-07,84956,0,0,85568,86586,83938,776864,64931953564,4.22E+12,50630000
2023-02-06,84956,2037,2.46,81798,85975,80474,1067542,88596187500,4.22E+12,50630000
2023-02-03,82919,917,1.12,81697,83836,81085,698632,56565426900,4.12E+12,50630000
2023-02-02,82002,-306,-0.37,82613,83123,80984,633973,51044426100,4.08E+12,50630000
2023-02-01,82308,408,0.5,82715,83428,81493,770969,62211600900,4.09E+12,50630000
2023-01-31,81900,3361,4.28,78539,82308,77928,978439,77775126400,4.07E+12,50630000
2023-01-30,78539,-407,-0.52,78946,82715,77215,1138773,89019738600,3.90E+12,50630000
2023-01-27,78946,-102,-0.13,79252,79659,77928,628559,48612802100,3.92E+12,50630000
2023-01-26,79048,3056,4.02,75992,79659,75687,904656,69039156700,3.93E+12,50630000
2023-01-25,75992,-1528,-1.97,78131,78641,75483,849026,63689068600,3.78E+12,50630000
2023-01-20,77520,611,0.79,76909,78029,75788,723686,54685676900,3.85E+12,50630000
2023-01-19,76909,-1732,-2.2,78029,79456,76501,765210,58190864900,3.82E+12,50630000
2023-01-18,78641,-3769,-4.57,82206,82715,78029,1094588,85477929000,3.91E+12,50630000
2023-01-17,82410,102,0.12,82206,84753,81493,1104856,90112886500,4.10E+12,50630000
2023-01-16,82308,611,0.75,81493,83836,79965,1240773,99602681700,4.09E+12,50630000
2023-01-13,81697,1528,1.91,80169,81900,79150,1261374,1.00E+11,4.06E+12,50630000
2023-01-12,80169,5196,6.93,75585,80169,74973,1783257,1.36E+11,3.98E+12,50630000
2023-01-11,74973,5704,8.24,70084,75177,69982,1645058,1.18E+11,3.73E+12,50630000
2023-01-10,69269,0,0,69575,70797,68454,509002,34753245900,3.44E+12,50630000
2023-01-09,69269,1019,1.49,68963,69982,68352,525011,35716730700,3.44E+12,50630000
2023-01-06,68250,203,0.3,67232,69473,67028,528494,35514686400,3.39E+12,50630000
2023-01-05,68047,-5093,-6.96,73242,73751,66824,1516452,1.03E+11,3.38E+12,50630000
2023-01-04,73140,408,0.56,72936,73445,70491,555372,39384977200,3.64E+12,50630000
2023-01-03,72732,-2241,-2.99,74973,75788,71306,851220,60766095500,3.61E+12,50630000
2023-01-02,74973,0,0,75381,77418,73853,691041,51302865100,3.73E+12,50630000
2022-12-29,74973,713,0.96,73955,75890,73547,591938,43359164900,3.73E+12,50630000
2022-12-28,74260,-1936,-2.54,75585,76400,73547,705219,51727027600,3.69E+12,50630000
2022-12-27,76196,2954,4.03,73242,76298,72834,945462,69630670100,3.79E+12,50630000
2022-12-26,73242,1732,2.42,71510,73344,70491,489408,34796655000,3.64E+12,50630000
2022-12-23,71510,-1528,-2.09,72223,73445,71204,539145,38313739500,3.55E+12,50630000
2022-12-22,73038,-611,-0.83,73853,74057,72019,483549,34593144300,3.63E+12,50630000
2022-12-21,73649,0,0,74159,74362,72936,388354,28062748100,3.66E+12,50630000
2022-12-20,73649,611,0.84,73038,74770,72936,684724,49822262000,3.66E+12,50630000
2022-12-19,73038,1222,1.7,72019,73445,71510,436310,31143479400,3.63E+12,50630000
2022-12-16,71816,-815,-1.12,71917,73853,71408,497343,35274282900,3.57E+12,50630000
2022-12-15,72631,1325,1.86,71408,73955,71306,632162,45295101300,3.61E+12,50630000
2022-12-14,71306,407,0.57,71001,71612,70186,294877,20524796700,3.54E+12,50630000
2022-12-13,70899,1528,2.2,69676,71306,69676,501199,34786143900,3.52E+12,50630000
2022-12-12,69371,1834,2.71,67537,69880,67028,559388,37773139700,3.45E+12,50630000
2022-12-09,67537,-204,-0.3,67741,68250,66519,534920,35278026900,3.36E+12,50630000
2022-12-08,67741,-611,-0.89,67843,68250,66213,579570,38417332100,3.37E+12,50630000
2022-12-07,68352,-1019,-1.47,68862,69473,67537,516079,34760664700,3.40E+12,50630000
2022-12-06,69371,-509,-0.73,68862,70389,68760,540990,36921745400,3.45E+12,50630000
2022-12-05,69880,-3464,-4.72,73445,73955,69167,1017644,70407820600,3.47E+12,50630000
2022-12-02,73344,-203,-0.28,73853,74770,72121,797796,57530727700,3.65E+12,50630000
2022-12-01,73547,-408,-0.55,74566,74770,72834,523488,37809985900,3.66E+12,50630000
2022-11-30,73955,-815,-1.09,75381,75381,73140,708960,51603375100,3.68E+12,50630000
2022-11-29,74770,1936,2.66,72631,75992,72121,1057825,77551339300,3.72E+12,50630000
2022-11-28,72834,0,0,73955,75585,72631,860117,62386440400,3.62E+12,50630000
2022-11-25,72834,-611,-0.83,73649,73751,72325,421334,30200012200,3.62E+12,50630000
2022-11-24,73445,1120,1.55,72631,73547,72019,530390,37979247200,3.65E+12,50630000
2022-11-23,72325,-1834,-2.47,74260,74362,71510,814210,58033376300,3.59E+12,50630000
2022-11-22,74159,714,0.97,73547,74668,73140,692379,50259980900,3.69E+12,50630000
2022-11-21,73445,713,0.98,73038,75381,72121,1191531,86220729400,3.65E+12,50630000
2022-11-18,72732,3157,4.54,69676,73751,67945,1419034,1.00E+11,3.61E+12,50630000
2022-11-17,69575,-1731,-2.43,71408,72019,69269,810312,55638854500,3.46E+12,50630000
2022-11-16,71306,-713,-0.99,73547,74057,70593,1045645,73990306000,3.54E+12,50630000
2022-11-15,72019,-204,-0.28,72732,72732,70491,716538,50439869100,3.58E+12,50630000
2022-11-14,72223,-2241,-3.01,74159,74159,71306,913079,64815982300,3.59E+12,50630000
2022-11-11,74464,0,0,75381,76400,73445,1071094,78377057500,3.70E+12,50630000
2022-11-10,74464,0,0,73344,75483,73344,719026,52626810800,3.70E+12,50630000
2022-11-09,74464,-713,-0.95,75890,76196,73751,809273,59484197300,3.70E+12,50630000
2022-11-08,75177,2852,3.94,72732,75483,71816,1198628,86964187500,3.74E+12,50630000
2022-11-07,72325,-4075,-5.33,79456,80678,71714,2786174,2.07E+11,3.59E+12,50630000
2022-11-04,76400,3158,4.31,73242,77113,73242,1432538,1.07E+11,3.80E+12,50630000
2022-11-03,73242,1325,1.84,71714,73955,70899,1075909,76729921400,3.64E+12,50630000
2022-11-02,71917,2444,3.52,69473,73547,68963,1808495,1.28E+11,3.57E+12,50630000
2022-11-01,69473,1936,2.87,67741,69880,66722,1045708,70635190900,3.45E+12,50630000
2022-10-31,67537,2546,3.92,66009,68250,61527,1816945,1.18E+11,3.36E+12,50630000
2022-10-28,64991,1121,1.75,63972,66417,63463,1156731,73572539300,3.23E+12,50630000
2022-10-27,63870,1019,1.62,62953,63870,62750,896108,55672234500,3.17E+12,50630000
2022-10-26,62851,713,1.15,62444,63768,62138,876927,54228144600,3.12E+12,50630000
2022-10-25,62138,-510,-0.81,63361,63768,61629,893093,54892574200,3.09E+12,50630000
2022-10-24,62648,2547,4.24,61222,64074,61222,1464771,90576974900,3.11E+12,50630000
2022-10-21,60101,-1121,-1.83,61222,61527,59592,711201,42232068600,2.99E+12,50630000
2022-10-20,61222,714,1.18,62036,62851,60610,1690101,1.02E+11,3.04E+12,50630000
2022-10-19,60508,0,0,61629,62444,59795,1652256,98969484500,3.01E+12,50630000
2022-10-18,60508,2241,3.85,59592,61629,58980,1544420,91590038200,3.01E+12,50630000
2022-10-17,58267,509,0.88,58166,59592,54804,1719886,96945624200,2.90E+12,50630000
2022-10-14,57758,4176,7.79,55110,58980,54804,1761648,98471134600,2.87E+12,50630000
2022-10-13,53582,-4991,-8.52,57554,57860,53582,1942250,1.05E+11,2.66E+12,50630000
2022-10-12,58573,-204,-0.35,58369,59490,56434,1322981,75732384000,2.91E+12,50630000
2022-10-11,58777,-1731,-2.86,61323,61731,58267,1437076,84480142000,2.92E+12,50630000
2022-10-07,60508,-2343,-3.73,62138,62546,58777,2281500,1.36E+11,3.01E+12,50630000
2022-10-06,62851,-306,-0.48,63157,63564,61935,823700,50668712100,3.12E+12,50630000
2022-10-05,63157,-815,-1.27,65398,65500,61629,1359336,84642889500,3.14E+12,50630000
2022-10-04,63972,1324,2.11,63870,66213,61527,2276954,1.43E+11,3.18E+12,50630000
2022-09-30,62648,-305,-0.49,62138,64685,60610,1612367,99047419100,3.11E+12,50630000
2022-09-29,62953,-815,-1.28,64685,66519,62953,1594055,1.02E+11,3.13E+12,50630000
2022-09-28,63768,-2445,-3.69,66315,68963,63361,2176600,1.40E+11,3.17E+12,50630000
2022-09-27,66213,-1121,-1.66,67537,68454,64481,2682368,1.74E+11,3.29E+12,50630000
2022-09-26,67334,-8149,-10.8,74668,75585,66824,3885979,2.64E+11,3.35E+12,50630000
2022-09-23,75483,-2343,-3.01,78233,79048,74973,1112540,83795783700,3.75E+12,50630000
2022-09-22,77826,2649,3.52,76705,78641,73547,1994729,1.50E+11,3.87E+12,50630000
2022-09-21,75177,-815,-1.07,75687,76094,73038,1212837,88955483900,3.74E+12,50630000
2022-09-20,75992,815,1.08,75483,77215,74872,1116913,83311187900,3.78E+12,50630000
2022-09-19,75177,-611,-0.81,76196,77724,73955,1421060,1.06E+11,3.74E+12,50630000
2022-09-16,75788,-4381,-5.46,79150,80474,75585,1978351,1.50E+11,3.77E+12,50630000
2022-09-15,80169,204,0.25,80372,83428,78641,1778517,1.42E+11,3.98E+12,50630000
2022-09-14,79965,917,1.16,76909,80882,75890,1771651,1.37E+11,3.97E+12,50630000
2022-09-13,79048,-4075,-4.9,83428,83530,75177,3494121,2.69E+11,3.93E+12,50630000
2022-09-08,83123,-815,-0.97,84345,84753,80372,1964275,1.59E+11,4.13E+12,50630000
2022-09-07,83938,-3056,-3.51,86382,88420,82206,2114471,1.76E+11,4.17E+12,50630000
2022-09-06,86994,1325,1.55,86281,88012,85262,1392242,1.18E+11,4.32E+12,50630000
2022-09-05,85669,3565,4.34,82715,86688,81289,2064514,1.73E+11,4.26E+12,50630000
2022-09-02,82104,815,1,82002,83428,79252,1398395,1.12E+11,4.08E+12,50630000
2022-09-01,81289,-1630,-1.97,83734,85975,81085,2187478,1.79E+11,4.04E+12,50630000
2022-08-31,82919,4584,5.85,78437,83530,76603,2717530,2.17E+11,4.12E+12,50630000
2022-08-30,78335,-2750,-3.39,81697,82410,77622,1450691,1.13E+11,3.89E+12,50630000
2022-08-29,81085,1222,1.53,78844,81697,78743,2153833,1.70E+11,4.03E+12,50630000
2022-08-26,79863,4176,5.52,77316,80067,75483,2356739,1.82E+11,3.97E+12,50630000
2022-08-25,75687,-1528,-1.98,77215,77215,74362,1430236,1.06E+11,3.76E+12,50630000
2022-08-24,77215,3464,4.7,74770,78946,73751,3025058,2.27E+11,3.84E+12,50630000
2022-08-23,73751,2139,2.99,72325,76603,71917,2106988,1.54E+11,3.67E+12,50630000
2022-08-22,71612,-305,-0.42,71408,73649,71204,861239,61093505400,3.56E+12,50630000
2022-08-19,71917,-815,-1.12,73038,74057,71917,716173,51135452700,3.57E+12,50630000
2022-08-18,72732,2241,3.18,71001,73853,69982,1434595,1.02E+11,3.61E+12,50630000
2022-08-17,70491,-1528,-2.12,72019,72427,69371,1157545,80232608200,3.50E+12,50630000
2022-08-16,72019,407,0.57,72019,75381,71408,1390747,99584967300,3.58E+12,50630000
2022-08-12,71612,-407,-0.57,71612,73649,71204,914963,64744191400,3.56E+12,50630000
2022-08-11,72019,0,0,72732,72936,70491,1127454,79214909200,3.58E+12,50630000
2022-08-10,72019,713,1,70389,73853,70288,1449301,1.03E+11,3.58E+12,50630000
2022-08-09,71306,407,0.57,70491,75177,69473,3047766,2.15E+11,3.54E+12,50630000
2022-08-08,70899,5908,9.09,66009,71917,65194,4022027,2.72E+11,3.52E+12,50630000
2022-08-05,64991,2038,3.24,63259,65907,61629,1887280,1.19E+11,3.23E+12,50630000
2022-08-04,62953,-1019,-1.59,64889,65296,62444,1465209,91386419200,3.13E+12,50630000
2022-08-03,63972,-815,-1.26,64787,67028,63361,1857296,1.18E+11,3.18E+12,50630000
2022-08-02,64787,-917,-1.4,65806,69880,64787,4150358,2.74E+11,3.22E+12,50630000
2022-08-01,65704,102,0.16,64991,66824,64787,2559350,1.65E+11,3.27E+12,50630000
2022-07-29,65602,10900,19.93,55110,67741,54804,10621218,6.63E+11,3.26E+12,50630000
2022-07-28,54702,1528,2.87,53276,56026,52970,973288,52204475600,2.72E+12,50630000
2022-07-27,53174,713,1.36,53072,53785,51035,586458,30425753100,2.64E+12,50630000
2022-07-26,52461,-204,-0.39,52665,54397,52155,633686,32941271800,2.61E+12,50630000
2022-07-25,52665,1834,3.61,51035,53480,50424,1069319,54670728900,2.62E+12,50630000
2022-07-22,50831,4329,9.31,46960,51137,46960,1310106,63711851900,2.53E+12,50630000
2022-07-21,46502,-153,-0.33,46706,47062,46196,235261,10785973050,2.31E+12,50630000
2022-07-20,46655,51,0.11,47775,47775,45381,512724,23324482650,2.32E+12,50630000
2022-07-19,46604,1477,3.27,46196,47622,45687,700998,32197977600,2.32E+12,50630000
2022-07-18,45127,1070,2.43,44210,45534,44210,321448,14215733500,2.24E+12,50630000
2022-07-15,44057,-51,-0.12,44617,44668,42835,389913,16863576850,2.19E+12,50630000
2022-07-14,44108,1681,3.96,41816,44566,41714,497899,21400031050,2.19E+12,50630000
2022-07-13,42427,-713,-1.65,42784,43191,41612,432486,18033075150,2.11E+12,50630000
2022-07-12,43140,-1783,-3.97,44668,44770,42835,363531,15504305750,2.14E+12,50630000
2022-07-11,44923,-509,-1.12,45585,45636,44617,259194,11454559050,2.23E+12,50630000
2022-07-08,45432,0,0,46094,46247,45076,318899,14253025900,2.26E+12,50630000
2022-07-07,45432,560,1.25,45178,45585,44057,324830,14357190100,2.26E+12,50630000
2022-07-06,44872,-1986,-4.24,46298,47368,44821,553024,24790395200,2.23E+12,50630000
2022-07-05,46858,-968,-2.02,47826,47826,44617,771438,34923124550,2.33E+12,50630000
2022-07-04,47826,-3515,-6.85,51544,51646,47011,549775,26139817550,2.38E+12,50630000
2022-07-01,51341,1732,3.49,50475,52563,50373,555430,28053785200,2.55E+12,50630000
2022-06-30,49609,-815,-1.62,50475,51239,49609,281000,13865489100,2.47E+12,50630000
2022-06-29,50424,153,0.3,49558,51952,49150,441974,21944761050,2.51E+12,50630000
2022-06-28,50271,1579,3.24,48692,50475,48692,392637,19202852600,2.50E+12,50630000
2022-06-27,48692,866,1.81,48437,49252,47826,336936,16095770750,2.42E+12,50630000
2022-06-24,47826,2088,4.57,45636,48488,45636,616447,28652522150,2.38E+12,50630000
2022-06-23,45738,-1935,-4.06,47470,48539,45636,784053,36015968600,2.27E+12,50630000
2022-06-22,47673,-4992,-9.48,53174,53276,47673,1220522,59929597650,2.37E+12,50630000
2022-06-21,52665,408,0.78,52563,53072,50271,910551,46712458300,2.62E+12,50630000
2022-06-20,52257,102,0.2,54091,54193,51137,649828,33600050100,2.60E+12,50630000
2022-06-17,52155,-1223,-2.29,51952,52970,51544,552035,28306168900,2.59E+12,50630000
2022-06-16,53378,-1120,-2.06,53378,54804,52359,821477,43260860300,2.65E+12,50630000
2022-06-15,54498,-3464,-5.98,58471,58777,54091,852936,46109101400,2.71E+12,50630000
2022-06-14,57962,-815,-1.39,57962,58471,56332,609292,34229587400,2.88E+12,50630000
2022-06-13,58777,-1426,-2.37,59388,60610,58675,685394,40034833500,2.92E+12,50630000
2022-06-10,60203,-102,-0.17,59897,61935,59592,860969,51258170200,2.99E+12,50630000
2022-06-09,60305,2038,3.5,58064,60508,57554,883960,51798465500,3.00E+12,50630000
2022-06-08,58267,203,0.35,58777,58777,56638,398697,22703974600,2.90E+12,50630000
2022-06-07,58064,917,1.6,57351,58879,57249,682014,38973783900,2.89E+12,50630000
2022-06-03,57147,204,0.36,57147,57351,55925,320556,17823181700,2.84E+12,50630000
2022-06-02,56943,2037,3.71,55211,57249,54906,683977,37984262200,2.83E+12,50630000
2022-05-31,54906,102,0.19,54804,54906,54295,232963,12499328400,2.73E+12,50630000
2022-05-30,54804,1528,2.87,53785,55313,53683,309950,16641128300,2.72E+12,50630000
2022-05-27,53276,-917,-1.69,54600,54702,53174,249195,13118480700,2.65E+12,50630000
2022-05-26,54193,1630,3.1,53174,54600,52767,433697,22922647400,2.69E+12,50630000
2022-05-25,52563,611,1.18,52359,53174,51952,315018,16276499900,2.61E+12,50630000
2022-05-24,51952,-1120,-2.11,52970,53480,51748,218440,11241562900,2.58E+12,50630000
2022-05-23,53072,917,1.76,53276,53887,52461,249769,13004955600,2.64E+12,50630000
2022-05-20,52155,407,0.79,51952,52665,51646,250916,12864025400,2.59E+12,50630000
2022-05-19,51748,-815,-1.55,51341,52054,51239,276183,14010482200,2.57E+12,50630000
2022-05-18,52563,-713,-1.34,53683,53683,52461,263538,13648413800,2.61E+12,50630000
2022-05-17,53276,0,0,53276,53989,52665,209257,10926943200,2.65E+12,50630000
2022-05-16,53276,-611,-1.13,54600,54702,53174,240844,12657581700,2.65E+12,50630000
2022-05-13,53887,713,1.34,53378,53989,52767,187482,9862982000,2.68E+12,50630000
2022-05-12,53174,-408,-0.76,53378,54397,53072,341501,17988891400,2.64E+12,50630000
2022-05-11,53582,-2852,-5.05,56434,56434,53582,500438,26634027600,2.66E+12,50630000
2022-05-10,56434,-713,-1.25,56026,56943,54804,430475,23585349000,2.80E+12,50630000
2022-05-09,57147,-917,-1.58,58064,58573,56739,391359,22078541700,2.84E+12,50630000
2022-05-06,58064,0,0,57351,58573,57045,347886,19750007500,2.89E+12,50630000
2022-05-04,58064,1019,1.79,57351,58675,56536,631523,35991153200,2.89E+12,50630000
2022-05-03,57045,1528,2.75,55925,57452,55211,642321,35766582900,2.84E+12,50630000
2022-05-02,55517,1222,2.25,53887,56943,53887,842732,46298847700,2.76E+12,50630000
2022-04-29,54295,306,0.57,53989,54397,53276,370676,19624132700,2.70E+12,50630000
2022-04-28,53989,611,1.15,53683,53989,52665,267937,14068040300,2.68E+12,50630000
2022-04-27,53378,-102,-0.19,52359,53683,52155,301816,15658285800,2.65E+12,50630000
2022-04-26,53480,815,1.55,53174,53989,52563,268312,14043658000,2.66E+12,50630000
2022-04-25,52665,-713,-1.34,52155,53683,52054,243310,12626813500,2.62E+12,50630000
2022-04-22,53378,-611,-1.13,53276,53683,53072,196428,10288225600,2.65E+12,50630000
2022-04-21,53989,204,0.38,53785,54397,53480,177180,9383834200,2.68E+12,50630000
2022-04-20,53785,-1223,-2.22,54600,54600,53276,285558,15090637800,2.67E+12,50630000
2022-04-19,55008,-203,-0.37,55211,55313,54193,246301,13212288800,2.73E+12,50630000
2022-04-18,55211,1018,1.88,54295,55415,54193,342106,18476174200,2.74E+12,50630000
2022-04-15,54193,1223,2.31,52767,54804,52155,437778,23260859200,2.69E+12,50630000
2022-04-14,52970,-510,-0.95,53582,53887,52869,221942,11573519600,2.63E+12,50630000
2022-04-13,53480,1732,3.35,51850,53683,51850,451359,23622123300,2.66E+12,50630000
2022-04-12,51748,-204,-0.39,51442,52359,51239,171110,8669163100,2.57E+12,50630000
2022-04-11,51952,306,0.59,51748,52563,51646,164691,8407037400,2.58E+12,50630000
2022-04-08,51646,305,0.6,51952,52461,51137,222959,11292650500,2.57E+12,50630000
2022-04-07,51341,-1528,-2.89,52257,52767,51035,394221,19954547400,2.55E+12,50630000
2022-04-06,52869,612,1.17,51850,53174,51748,437053,22468837500,2.63E+12,50630000
2022-04-05,52257,-1426,-2.66,53785,53785,51850,497255,25622874200,2.60E+12,50630000
2022-04-04,53683,509,0.96,53276,53989,52563,190850,10033718200,2.67E+12,50630000
2022-04-01,53174,0,0,53378,54091,52563,394553,20538522200,2.64E+12,50630000
2022-03-31,53174,-1223,-2.25,55110,55517,52970,481655,25433956400,2.64E+12,50630000
2022-03-30,54397,1427,2.69,52461,54600,52155,448079,23504899900,2.70E+12,50630000
2022-03-29,52970,-3566,-6.31,56638,56638,52461,910095,48009478300,2.63E+12,50630000
2022-03-28,56536,0,0,56943,57452,56128,362933,20231126500,2.81E+12,50630000
2022-03-25,56536,1121,2.02,56026,57249,55721,787298,43747961700,2.81E+12,50630000
2022-03-24,55415,815,1.49,54702,55925,53989,367468,19887294200,2.75E+12,50630000
2022-03-23,54600,-102,-0.19,54804,55313,53887,418202,22356626300,2.71E+12,50630000
2022-03-22,54702,1935,3.67,52869,56332,52665,1150941,62009017300,2.72E+12,50630000
2022-03-21,52767,408,0.78,52665,53785,52257,497847,25885349500,2.62E+12,50630000
2022-03-18,52359,815,1.58,51544,52461,50729,706241,35935130700,2.60E+12,50630000
2022-03-17,51544,-1630,-3.07,52257,52970,50475,1201187,60295025000,2.56E+12,50630000
2022-03-16,53174,102,0.19,53276,53480,51952,549103,28402810200,2.64E+12,50630000
2022-03-15,53072,-2649,-4.75,55415,55517,52665,538688,28258173100,2.64E+12,50630000
2022-03-14,55721,-102,-0.18,56332,57249,55415,478887,26356343600,2.77E+12,50630000
2022-03-11,55823,917,1.67,54600,56332,54498,535147,29075559800,2.77E+12,50630000
2022-03-10,54906,611,1.13,54600,55211,51748,813778,43226560800,2.73E+12,50630000
2022-03-08,54295,-1833,-3.27,56841,57045,53887,826184,44637587200,2.70E+12,50630000
2022-03-07,56128,-1223,-2.13,58777,59592,55823,1223811,69331912700,2.79E+12,50630000
2022-03-04,57351,2445,4.45,54600,57860,54193,1301563,72159224900,2.85E+12,50630000
2022-03-03,54906,-611,-1.1,54600,55721,53276,779569,41846352900,2.73E+12,50630000
2022-03-02,55517,2547,4.81,54295,56434,53989,1605467,87457150300,2.76E+12,50630000
2022-02-28,52970,3157,6.34,51035,55110,50475,2058846,1.08E+11,2.63E+12,50630000
2022-02-25,49813,3362,7.24,47113,50118,46858,635559,30504104400,2.48E+12,50630000
2022-02-24,46451,-713,-1.51,46960,47419,46145,330904,15151216600,2.31E+12,50630000
2022-02-23,47164,1019,2.21,46655,47521,46451,215068,9950710400,2.34E+12,50630000
2022-02-22,46145,-1885,-3.92,47724,47775,45891,454955,20784051350,2.29E+12,50630000
2022-02-21,48030,-102,-0.21,48030,48386,46909,210958,9889800400,2.39E+12,50630000
2022-02-18,48132,-51,-0.11,47673,48386,47317,234375,11023861050,2.39E+12,50630000
2022-02-17,48183,1376,2.94,47062,48641,46807,453172,21325921350,2.39E+12,50630000
2022-02-16,46807,560,1.21,46757,47266,46400,234414,10770650250,2.33E+12,50630000
2022-02-15,46247,-1019,-2.16,47062,47724,45942,290883,13298097700,2.30E+12,50630000
2022-02-14,47266,-1324,-2.73,48590,49405,46553,441320,20665314900,2.35E+12,50630000
2022-02-11,48590,-1121,-2.25,49405,49711,48539,300611,14428412950,2.42E+12,50630000
2022-02-10,49711,-356,-0.71,50271,50424,48794,314648,15397113300,2.47E+12,50630000
2022-02-09,50067,-968,-1.9,51442,51646,49914,316511,15654871900,2.49E+12,50630000
2022-02-08,51035,-306,-0.6,51442,51952,50424,396527,19928527700,2.54E+12,50630000
2022-02-07,51341,2292,4.67,49914,52665,49660,1077438,54271504500,2.55E+12,50630000
2022-02-04,49049,612,1.26,48386,49252,47928,380710,18237033000,2.44E+12,50630000
2022-02-03,48437,-255,-0.52,51850,52054,48386,1091999,53443544550,2.41E+12,50630000
2022-01-28,48692,968,2.03,47724,49354,47113,502887,23956865500,2.42E+12,50630000
2022-01-27,47724,-1783,-3.6,49965,50118,47266,519480,24607387500,2.37E+12,50630000
2022-01-26,49507,102,0.21,49150,50475,49150,428020,20979332500,2.46E+12,50630000
2022-01-25,49405,153,0.31,49252,50271,48692,662948,32230289800,2.46E+12,50630000
2022-01-24,49252,-5246,-9.63,53276,53785,49049,1507727,74449312900,2.45E+12,50630000
2022-01-21,54498,-306,-0.56,54091,55008,52970,568060,30177066000,2.71E+12,50630000
2022-01-20,54804,2343,4.47,53174,55517,52970,875377,46974780300,2.72E+12,50630000
2022-01-19,52461,-509,-0.96,51952,53887,51748,392397,20333954300,2.61E+12,50630000
2022-01-18,52970,-510,-0.95,53683,54600,52359,519773,27285435400,2.63E+12,50630000
2022-01-17,53480,-407,-0.76,55008,55110,53072,765922,40660771100,2.66E+12,50630000
2022-01-14,53887,407,0.76,53378,54193,52767,465242,24449887800,2.68E+12,50630000
2022-01-13,53480,2139,4.17,51748,54193,51544,1065501,55890022700,2.66E+12,50630000
2022-01-12,51341,204,0.4,51239,52155,51239,235496,11920666600,2.55E+12,50630000
2022-01-11,51137,-917,-1.76,52461,52665,50780,413774,20849375550,2.54E+12,50630000
2022-01-10,52054,1019,2,51442,52665,51035,564438,28839627600,2.59E+12,50630000
2022-01-07,51035,713,1.42,50424,51748,50118,359538,18017118700,2.54E+12,50630000
2022-01-06,50322,-1528,-2.95,50882,52155,50322,555801,27865126950,2.50E+12,50630000
2022-01-05,51850,509,0.99,51239,52155,50831,668999,33925533800,2.58E+12,50630000
2022-01-04,51341,815,1.61,50882,51850,50424,632043,31764284600,2.55E+12,50630000
2022-01-03,50526,1630,3.33,49201,50780,48794,578220,28399217400,2.51E+12,50630000
2021-12-30,48896,-254,-0.52,49252,49456,48234,359366,17267978650,2.43E+12,50630000
2021-12-29,49150,1273,2.66,47877,49609,47266,563177,27107736850,2.44E+12,50630000
2021-12-28,47877,51,0.11,48081,48132,47266,282248,13232790250,2.38E+12,50630000
2021-12-27,47826,204,0.43,47470,48488,47470,283732,13371736100,2.38E+12,50630000
2021-12-24,47622,662,1.41,47011,47877,47011,260628,12146209100,2.37E+12,50630000
2021-12-23,46960,305,0.66,46757,47215,46349,219129,10076379850,2.33E+12,50630000
2021-12-22,46655,-102,-0.22,47011,47164,46400,169752,7786180150,2.32E+12,50630000
2021-12-21,46757,-101,-0.22,47011,47368,46298,193315,8882228550,2.32E+12,50630000
2021-12-20,46858,-1172,-2.44,47826,47826,46858,237372,11001551850,2.33E+12,50630000
2021-12-17,48030,1426,3.06,46247,48030,46247,403496,18800354950,2.39E+12,50630000
2021-12-16,46604,-305,-0.65,47215,47877,46298,349337,16067221150,2.32E+12,50630000
2021-12-15,46909,-306,-0.65,47164,47724,46349,308255,14195956500,2.33E+12,50630000
2021-12-14,47215,-1070,-2.22,48896,48947,47164,536079,25167398450,2.35E+12,50630000
2021-12-13,48285,510,1.07,48234,49813,47826,1119799,53709290300,2.40E+12,50630000
2021-12-10,47775,-357,-0.74,48183,50169,47368,926139,44228133700,2.37E+12,50630000
2021-12-09,48132,2954,6.54,45432,48386,45381,920806,42675835450,2.39E+12,50630000
2021-12-08,45178,-458,-1,45942,46604,45025,403990,18182004950,2.25E+12,50630000
2021-12-07,45636,713,1.59,45178,45738,44719,308462,13711499950,2.27E+12,50630000
2021-12-06,44923,866,1.97,43904,45279,43242,319817,14003470150,2.23E+12,50630000
2021-12-03,44057,0,0,44057,44566,43650,202607,8773441150,2.19E+12,50630000
2021-12-02,44057,1426,3.35,42020,44261,41714,296098,12502380850,2.19E+12,50630000
2021-12-01,42631,1222,2.95,41256,42886,41052,267985,11050693250,2.12E+12,50630000
2021-11-30,41409,-1680,-3.9,43140,44006,40950,407988,16896983600,2.06E+12,50630000
2021-11-29,43089,-764,-1.74,42274,43853,42173,287946,12218693450,2.14E+12,50630000
2021-11-26,43853,-1376,-3.04,45229,45432,43599,294702,12808887000,2.18E+12,50630000
2021-11-25,45229,510,1.14,44872,45687,44668,277182,12282064250,2.25E+12,50630000
2021-11-24,44719,-306,-0.68,45483,45483,44006,320531,14036629500,2.22E+12,50630000
2021-11-23,45025,1324,3.03,43599,45229,43191,324042,13981822850,2.24E+12,50630000
2021-11-22,43701,-916,-2.05,44617,44668,43395,379024,16275598100,2.17E+12,50630000
2021-11-19,44617,356,0.81,44261,45076,44057,311657,13654188300,2.22E+12,50630000
2021-11-18,44261,662,1.52,44210,46094,44108,818133,36145918000,2.20E+12,50630000
2021-11-17,43599,815,1.9,42937,44057,42224,481822,20541988600,2.17E+12,50630000
2021-11-16,42784,51,0.12,42427,43752,42376,489371,20642962600,2.13E+12,50630000
2021-11-15,42733,917,2.19,42020,42937,41714,401058,16723569400,2.12E+12,50630000
2021-11-12,41816,611,1.48,41103,42173,41103,323854,13263904900,2.08E+12,50630000
2021-11-11,41205,-458,-1.1,41052,41663,40899,444836,17971026500,2.05E+12,50630000
2021-11-10,41663,-1681,-3.88,42937,43140,41663,444742,18389632800,2.07E+12,50630000
2021-11-09,43344,102,0.24,43191,43802,43191,236449,10082293700,2.15E+12,50630000
2021-11-08,43242,305,0.71,42682,43446,42173,287861,12131698500,2.15E+12,50630000
2021-11-05,42937,-152,-0.35,43191,43446,42376,349928,14714969450,2.13E+12,50630000
2021-11-04,43089,-764,-1.74,44210,44363,42835,656518,27904123200,2.14E+12,50630000
2021-11-03,43853,-1019,-2.27,44923,45025,43548,431283,18632829350,2.18E+12,50630000
2021-11-02,44872,204,0.46,44719,45381,44668,197087,8703320300,2.23E+12,50630000
2021-11-01,44668,-1172,-2.56,45636,46043,44668,380977,16866067600,2.22E+12,50630000
2021-10-29,45840,-356,-0.77,46247,46502,45127,318144,14293651050,2.28E+12,50630000
2021-10-28,46196,458,1,45738,47419,45483,516830,23634350250,2.30E+12,50630000
2021-10-27,45738,-1528,-3.23,47317,47571,45534,805609,36462174250,2.27E+12,50630000
2021-10-26,47266,-255,-0.54,47521,47826,46960,462761,21476327850,2.35E+12,50630000
2021-10-25,47521,-458,-0.96,47673,48234,47266,504461,23618678000,2.36E+12,50630000
2021-10-22,47979,-2241,-4.46,50118,50118,47673,1952569,92790255850,2.38E+12,50630000
2021-10-21,50220,1222,2.49,49558,51035,49303,2005355,1.00E+11,2.50E+12,50630000
2021-10-20,48998,-2852,-5.5,52155,52155,48947,1618118,78671825450,2.44E+12,50630000
2021-10-19,51850,-509,-0.97,52970,53072,51442,584916,29801861500,2.58E+12,50630000
2021-10-18,52359,1324,2.59,51748,52359,50933,572656,29065296800,2.60E+12,50630000
2021-10-15,51035,-204,-0.4,51646,51952,50424,528181,26457247250,2.54E+12,50630000
2021-10-14,51239,-407,-0.79,51952,52359,50780,441435,22216293150,2.55E+12,50630000
2021-10-13,51646,102,0.2,51850,52665,51137,312863,15860325400,2.57E+12,50630000
2021-10-12,51544,1833,3.69,49711,52257,49711,501625,25157242000,2.56E+12,50630000
2021-10-08,49711,-916,-1.81,50678,50933,49354,350867,17188511450,2.47E+12,50630000
2021-10-07,50627,1578,3.22,50118,51035,49099,468311,23083160150,2.52E+12,50630000
2021-10-06,49049,-4125,-7.76,53683,53887,48896,1137503,56183968550,2.44E+12,50630000
2021-10-05,53174,204,0.38,52563,53480,51850,631860,32731261600,2.64E+12,50630000
2021-10-01,52970,1833,3.59,50831,54295,50831,1081652,56408215350,2.63E+12,50630000
2021-09-30,51137,1834,3.72,48998,51341,48998,501866,24794837000,2.54E+12,50630000
2021-09-29,49303,-2241,-4.35,50526,51035,48743,829121,40294393850,2.45E+12,50630000
2021-09-28,51544,-815,-1.56,52665,53276,51239,446012,22842591700,2.56E+12,50630000
2021-09-27,52359,-204,-0.39,52563,52869,51646,317621,16287424800,2.60E+12,50630000
2021-09-24,52563,-306,-0.58,53174,53683,52054,427538,22140339300,2.61E+12,50630000
2021-09-23,52869,815,1.57,51544,52970,51137,544004,27910726500,2.63E+12,50630000
2021-09-17,52054,917,1.79,51137,52461,50678,494019,25163339150,2.59E+12,50630000
2021-09-16,51137,-407,-0.79,51646,51952,50882,202528,10160010050,2.54E+12,50630000
2021-09-15,51544,102,0.2,51035,51544,50577,189727,9521405450,2.56E+12,50630000
2021-09-14,51442,1273,2.54,50424,51544,50322,216719,10892413950,2.56E+12,50630000
2021-09-13,50169,-560,-1.1,51035,51544,50016,212817,10564132450,2.49E+12,50630000
2021-09-10,50729,51,0.1,50882,51442,49914,234746,11688033450,2.52E+12,50630000
2021-09-09,50678,-1070,-2.07,51442,52257,50627,356211,17921457800,2.52E+12,50630000
2021-09-08,51748,0,0,51544,52155,51239,202801,10292265400,2.57E+12,50630000
2021-09-07,51748,-407,-0.78,51952,52665,51442,170546,8689573500,2.57E+12,50630000
2021-09-06,52155,305,0.59,51952,52257,51442,182584,9297985000,2.59E+12,50630000
2021-09-03,51850,-815,-1.55,52665,52869,51442,351169,17884919500,2.58E+12,50630000
2021-09-02,52665,1324,2.58,51544,53480,51239,565736,29335368800,2.62E+12,50630000
2021-09-01,51341,-509,-0.98,51646,52257,51137,218966,11078540800,2.55E+12,50630000
2021-08-31,51850,713,1.39,51544,52155,50729,395493,20048600000,2.58E+12,50630000
2021-08-30,51137,1936,3.93,49914,51646,49558,548437,27414983450,2.54E+12,50630000
2021-08-27,49201,356,0.73,48794,49507,48386,230653,11122027400,2.45E+12,50630000
2021-08-26,48845,-509,-1.03,49354,49660,48437,325876,15637711200,2.43E+12,50630000
2021-08-25,49354,153,0.31,49303,49914,48998,246621,11953782850,2.45E+12,50630000
2021-08-24,49201,509,1.05,48896,49711,48794,285392,13788584250,2.45E+12,50630000
2021-08-23,48692,458,0.95,48285,49558,48081,354888,17022025900,2.42E+12,50630000
2021-08-20,48234,-509,-1.04,48743,49558,47877,451123,21516573400,2.40E+12,50630000
2021-08-19,48743,-2598,-5.06,50933,51035,48692,733559,35657531200,2.42E+12,50630000
2021-08-18,51341,408,0.8,50780,52054,50678,364130,18350321250,2.55E+12,50630000
2021-08-17,50933,-1426,-2.72,52665,52869,50831,447115,22538604350,2.53E+12,50630000
2021-08-13,52359,-306,-0.58,53072,53072,51442,386210,19833021400,2.60E+12,50630000
2021-08-12,52665,1223,2.38,51544,53683,51035,770397,39630484300,2.62E+12,50630000
2021-08-11,51442,-1528,-2.88,52767,54091,51137,891252,45535271900,2.56E+12,50630000
2021-08-10,52970,407,0.78,52767,53072,52054,299776,15510569700,2.63E+12,50630000
2021-08-09,52563,-713,-1.34,53174,53276,52359,427149,22079304000,2.61E+12,50630000
2021-08-06,53276,-1222,-2.24,54702,54906,52767,918379,48307143000,2.65E+12,50630000
2021-08-05,54498,-1630,-2.9,56230,56841,53887,696466,37860102500,2.71E+12,50630000
2021-08-04,56128,1120,2.04,54804,57656,54498,896818,49773913500,2.79E+12,50630000
2021-08-03,55008,0,0,55110,55619,53683,641290,34387527700,2.73E+12,50630000
2021-08-02,55008,2241,4.25,52970,55925,52563,1043751,56014568700,2.73E+12,50630000
2021-07-30,52767,204,0.39,52665,52767,51850,293562,15088225100,2.62E+12,50630000
2021-07-29,52563,1528,2.99,51748,53683,51646,652656,33851786500,2.61E+12,50630000
2021-07-28,51035,-815,-1.57,51748,52155,50424,357762,17981826050,2.54E+12,50630000
2021-07-27,51850,0,0,51952,53174,51544,290167,14904234700,2.58E+12,50630000
2021-07-26,51850,-917,-1.74,53072,53072,51850,301964,15464947800,2.58E+12,50630000
2021-07-23,52767,-407,-0.77,53276,53989,52563,358425,18692319200,2.62E+12,50630000
2021-07-22,53174,1324,2.55,52054,53785,51646,473246,24593515200,2.64E+12,50630000
2021-07-21,51850,-713,-1.36,53378,53378,51646,499557,25657121800,2.58E+12,50630000
2021-07-20,52563,0,0,51544,53174,51442,392436,20158885200,2.61E+12,50630000
2021-07-19,52563,102,0.19,53480,54091,51952,614031,31851595300,2.61E+12,50630000
2021-07-16,52461,815,1.58,51952,53480,51646,525029,27026648200,2.61E+12,50630000
2021-07-15,51646,305,0.6,51646,52767,51442,440628,22494453100,2.57E+12,50630000
2021-07-14,51341,-1120,-2.14,51952,52155,51035,337693,17055874100,2.55E+12,50630000
2021-07-13,52461,306,0.59,51442,52461,50882,480067,24429148600,2.61E+12,50630000
2021-07-12,52155,-102,-0.19,53174,53683,51952,558211,28781199900,2.59E+12,50630000
2021-07-09,52257,509,0.98,51952,53378,51341,887239,45531613400,2.60E+12,50630000
2021-07-08,51748,-3769,-6.79,55517,56128,51748,1334065,69556574500,2.57E+12,50630000
2021-07-07,55517,204,0.37,55008,56230,54397,770984,41972635400,2.76E+12,50630000
2021-07-06,55313,815,1.5,54498,56332,53887,1281141,69328925600,2.75E+12,50630000
2021-07-05,54498,5144,10.42,49813,55517,49507,3222660,1.69E+11,2.71E+12,50630000
2021-07-02,49354,1324,2.76,48794,50678,48794,801538,39069367850,2.45E+12,50630000
2021-07-01,48030,153,0.32,47775,48743,47317,394173,18592320400,2.39E+12,50630000
