날짜,종가,시가,고가,저가,거래량
2023-07-28,34900,34650,35050,34350,1414357
2023-07-27,35150,33450,35150,33450,2264210
2023-07-26,33400,32900,33650,32450,1714233
2023-07-25,33050,33350,33550,32900,1005611
2023-07-24,33300,33800,33950,33250,982741
2023-07-21,33950,34300,34450,33700,912094
2023-07-20,33800,33600,33950,33500,709354
2023-07-19,33550,33950,34150,33400,698015
2023-07-18,33600,34450,34450,33600,563437
2023-07-17,34050,34050,34300,33850,608058
2023-07-14,34100,33600,34350,33600,1164100
2023-07-13,33350,33600,33900,33350,1362474
2023-07-12,33350,33300,33450,32800,956132
2023-07-11,33150,33400,33550,32950,850131
2023-07-10,32700,33100,33200,32500,1186474
2023-07-07,32500,32900,32950,32400,1190725
2023-07-06,33050,33750,33750,32950,1322547
2023-07-05,33750,34150,34450,33650,1032890
2023-07-04,34100,34350,34500,34100,628623
2023-07-03,34500,34100,34500,34100,736995
2023-06-30,34000,34200,34450,33900,745183
2023-06-29,33850,34350,34500,33850,990007
2023-06-28,34700,34700,34900,34550,1090326
2023-06-27,34650,34700,34800,34300,825040
2023-06-26,34650,34400,34850,34250,711437
2023-06-23,34400,34500,34700,34350,659800
2023-06-22,34750,34400,34750,34200,747096
2023-06-21,34250,34650,34650,34250,803220
2023-06-20,34600,34550,34800,34500,588962
2023-06-19,34550,34800,34900,34500,847961
2023-06-16,34800,35050,35250,34700,1931552
2023-06-15,34800,34900,35000,34700,966209
2023-06-14,34800,34950,35000,34600,1023378
2023-06-13,35050,35300,35350,34950,1160114
2023-06-12,35250,35750,35850,35150,851429
2023-06-09,35700,35400,35750,35350,1058322
2023-06-08,35300,35250,35400,35050,1325381
2023-06-07,35200,35700,35700,35200,1198792
2023-06-05,35250,35300,35600,35250,993366
2023-06-02,34950,34900,35150,34800,880864
2023-06-01,34700,35200,35350,34700,973040
2023-05-31,35050,35050,35700,35050,5709393
2023-05-30,35200,34950,35450,34750,1499363
2023-05-26,34800,34850,35200,34800,955710
2023-05-25,35000,35100,35300,34900,1042892
2023-05-24,35400,35250,35450,35100,744767
2023-05-23,35250,35500,35600,35250,755032
2023-05-22,35300,35150,35600,35150,1045023
2023-05-19,35200,34850,35250,34800,1025813
2023-05-18,34900,34850,35050,34700,1022660
2023-05-17,34600,34500,34850,34400,1446523
2023-05-16,34550,34750,35100,34500,1351786
2023-05-15,34750,34800,34800,34400,1242138
2023-05-12,34650,35100,35350,34550,2120930
2023-05-11,35300,35000,35850,34950,1275037
2023-05-10,34800,35300,35450,34600,1284505
2023-05-09,35550,35450,35700,35250,782621
2023-05-08,35750,35300,36000,35300,956097
2023-05-04,35050,34600,35150,34550,698652
2023-05-03,34850,35100,35150,34800,671463
2023-05-02,35450,34900,35450,34850,874115
2023-04-28,34950,34950,35600,34800,2038028
2023-04-27,34900,35000,35250,34550,1092393
2023-04-26,35350,35450,35550,34800,885126
2023-04-25,35650,35550,36100,35350,950942
2023-04-24,35350,35850,36000,35250,1125144
2023-04-21,35850,35800,35900,35500,853429
2023-04-20,35900,35450,35900,35300,902869
2023-04-19,35650,35300,35900,35250,1074675
2023-04-18,35250,35600,35600,35050,963786
2023-04-17,35500,35700,35950,35300,1005738
2023-04-14,35350,35000,35650,34950,1510047
2023-04-13,34900,34500,34900,34300,1634225
2023-04-12,34700,34650,35000,34500,1045551
2023-04-11,34650,34600,34850,34400,917570
2023-04-10,34550,34600,35050,34500,928680
2023-04-07,34900,34350,35000,34300,799714
2023-04-06,34300,35000,35200,34300,1246435
2023-04-05,35050,35200,35350,34850,728126
2023-04-04,35150,34750,35150,34600,975943
2023-04-03,34550,35150,35250,34550,1571580
2023-03-31,35350,34750,35450,34550,1636843
2023-03-30,35100,35950,36000,34950,1547328
2023-03-29,36200,36000,36250,35750,1045362
2023-03-28,35950,35800,36150,35350,1523706
2023-03-27,34850,34650,35050,34450,1092755
2023-03-24,34550,35250,35250,34550,1856734
2023-03-23,35750,35050,35950,35000,1471917
2023-03-22,35450,35700,35850,35250,1548154
2023-03-21,34950,34600,35300,34500,1645690
2023-03-20,34700,34150,35150,33850,1474283
2023-03-17,34550,34650,35050,34300,2886686
2023-03-16,34450,35000,35150,34350,2049117
2023-03-15,35450,35550,36050,35100,1361596
2023-03-14,35100,35450,35900,35000,1581214
2023-03-13,36050,35700,36150,35100,1243036
2023-03-10,35800,36000,36050,35400,1933663
2023-03-09,36400,36600,37200,36400,2498303
2023-03-08,36600,37100,37600,36550,1721848
2023-03-07,36800,36900,37200,36500,1493635
2023-03-06,37050,37150,37400,36600,1613174
2023-03-03,37050,37700,38050,37050,1495245
2023-03-02,37700,38500,38850,37600,2032494
2023-02-28,38850,38400,39000,38400,1507797
2023-02-27,38450,38650,39050,38200,1084391
2023-02-24,38750,38400,39250,38350,1357069
2023-02-23,38650,38550,39200,38350,1176055
2023-02-22,38300,38950,39200,38300,1422983
2023-02-21,39050,38800,39400,38600,1091989
2023-02-20,38800,38450,38950,38050,790817
2023-02-17,38350,37900,38950,37750,1499760
2023-02-16,37900,38150,38300,37450,1633018
2023-02-15,38050,39300,39350,37850,2578534
2023-02-14,39450,41000,41200,39400,2034580
2023-02-13,40800,41150,41650,40650,1443688
2023-02-10,41100,40300,41150,40150,1465602
2023-02-09,40000,41200,41950,39850,2265859
2023-02-08,41550,41250,42750,41050,1964414
2023-02-07,40800,40700,41250,40350,1339208
2023-02-06,40950,40750,41450,40450,1572060
2023-02-03,41650,41300,42300,40900,1342368
2023-02-02,41250,42150,42200,41100,1722535
2023-02-01,42450,41600,42450,41600,1630068
2023-01-31,41550,42850,43250,41250,2588590
2023-01-30,43250,44250,44300,43150,1831802
2023-01-27,44750,44150,44750,44000,1940802
2023-01-26,44900,44050,44900,43750,2324170
2023-01-25,44050,44000,44150,43450,1404743
2023-01-20,43300,42700,43400,42450,1382953
2023-01-19,42450,42550,42700,42200,1198094
2023-01-18,42700,43150,43150,42150,2108358
2023-01-17,43300,43500,43900,43250,2079236
2023-01-16,43800,41600,43900,41400,3988771
2023-01-13,41050,40050,41350,39500,1631414
2023-01-12,40050,40100,40400,39850,1231244
2023-01-11,40000,40900,40900,39600,1389565
2023-01-10,40900,40150,41000,39700,1940122
2023-01-09,40350,41000,41050,39700,1983917
2023-01-06,40600,39800,40800,39100,2806312
2023-01-05,39450,37000,39700,37000,3871736
2023-01-04,36400,34900,36450,34850,1087924
2023-01-03,35000,34700,35250,34150,863125
2023-01-02,34300,35500,35550,34300,660649
2022-12-29,35200,35500,35900,35200,1032343
2022-12-28,35900,36700,36700,35750,1262904
2022-12-27,37600,37500,37750,37150,1464084
2022-12-26,37200,37550,37650,37150,665781
2022-12-23,37550,37900,38100,37450,628655
2022-12-22,37900,37850,37900,37350,932697
2022-12-21,37950,38100,38250,37750,538059
2022-12-20,37800,37700,38100,37550,579403
2022-12-19,37500,37300,37900,37300,767843
2022-12-16,37450,37300,37600,37200,881055
2022-12-15,37700,37850,38000,37400,694546
2022-12-14,38050,38600,38600,37850,980637
2022-12-13,38350,38450,38650,37950,987143
2022-12-12,38500,38000,38750,37850,994927
2022-12-09,38000,37700,38650,37600,2078940
2022-12-08,37400,37450,37750,37000,2489635
2022-12-07,37250,37900,37900,37200,1102976
2022-12-06,37900,38100,38500,37850,1030282
2022-12-05,38200,37900,38350,37600,940467
2022-12-02,38100,37950,38350,37750,1483486
2022-12-01,38350,38300,38500,38000,1095794
2022-11-30,38100,37350,38100,37100,1933239
2022-11-29,37350,36450,37500,36200,966400
2022-11-28,36300,36450,36550,36050,646740
2022-11-25,36550,37200,37300,36500,719528
2022-11-24,37050,36400,37050,36350,844448
2022-11-23,36400,36450,36600,36050,843129
2022-11-22,36450,36200,36550,36150,553472
2022-11-21,36500,36350,36650,36100,481017
2022-11-18,36300,35900,36650,35550,1006998
2022-11-17,35850,36800,36800,35850,990634
2022-11-16,36650,36700,37000,36200,1220113
2022-11-15,36800,37450,37450,36550,900979
2022-11-14,37250,37100,37500,37000,1085388
2022-11-11,37200,38050,38200,37100,1577911
2022-11-10,37550,37000,37550,36950,1606428
2022-11-09,37400,36900,37600,36600,1671055
2022-11-08,36550,36950,37000,36050,1105671
2022-11-07,36600,36300,36600,35800,1114681
2022-11-04,35750,35550,36000,35350,1173946
2022-11-03,35550,35400,35800,34750,1708995
2022-11-02,36000,36050,36250,35800,1462432
2022-11-01,36450,36700,37100,36300,961430
2022-10-31,36300,36850,37050,36100,1287062
2022-10-28,36600,36000,36650,35700,1227753
2022-10-27,35950,35600,36000,35450,1176758
2022-10-26,35250,35800,36200,35000,1582430
2022-10-25,35900,35900,36300,35500,1254987
2022-10-24,35700,36300,36700,35400,1346347
2022-10-21,36350,36250,36600,35700,1474389
2022-10-20,36550,36900,36950,36300,1691794
2022-10-19,37050,37050,37650,36950,1229432
2022-10-18,36750,36800,36950,36300,972695
2022-10-17,36200,35900,36450,35800,1235983
2022-10-14,35700,35450,36250,35400,1159668
2022-10-13,34900,34800,35500,34750,1458407
2022-10-12,34950,34450,35100,34350,961871
2022-10-11,34650,35100,35350,34350,1039952
2022-10-07,35450,34450,35650,34400,1326992
2022-10-06,34700,34900,35100,34600,808942
2022-10-05,34900,34900,35350,34500,1503501
2022-10-04,34500,33800,34850,33700,1243250
2022-09-30,33500,34600,34700,33500,1565312
2022-09-29,34300,34250,35100,34200,1264930
2022-09-28,34250,34200,34450,33100,1485322
2022-09-27,34500,35650,35850,34100,1746434
2022-09-26,35350,36750,36800,35250,1722086
2022-09-23,36950,36300,36950,35900,1306358
2022-09-22,36050,36000,36100,35500,1021262
2022-09-21,36150,36200,36700,36050,858614
2022-09-20,36550,36150,36700,36100,1504218
2022-09-19,36100,35950,36150,35750,850578
2022-09-16,35900,35550,35950,35400,1193852
2022-09-15,35800,35400,36200,35200,891670
2022-09-14,35400,35050,35800,35050,851551
2022-09-13,36000,35300,36100,35300,1650675
2022-09-08,35050,34700,35050,34250,1569347
2022-09-07,34250,34350,34450,33800,1356817
2022-09-06,34650,34800,34950,34400,644104
2022-09-05,34750,34800,35250,34550,838630
2022-09-02,34600,34950,35050,34400,1127496
2022-09-01,34900,35900,36400,34900,1620842
2022-08-31,36600,35400,36600,35200,1964776
2022-08-30,35850,35700,36050,35400,603005
2022-08-29,35500,35800,35900,35300,680488
2022-08-26,36350,36450,36600,36150,826015
2022-08-25,36450,36200,36650,36100,946515
2022-08-24,36100,35500,36250,35350,1166890
2022-08-23,35300,35150,35450,35100,1069037
2022-08-22,35450,35500,35550,34800,908503
2022-08-19,35700,35550,35800,35350,751550
2022-08-18,35500,35800,36050,35500,894130
2022-08-17,36050,35900,36300,35850,841880
2022-08-16,35750,36450,36500,35650,1171074
2022-08-12,36100,36400,36850,36000,1182064
2022-08-11,36300,36150,36350,35900,2699201
2022-08-10,35800,35850,36150,35300,1391996
2022-08-09,36150,36050,36350,35900,941358
2022-08-08,35950,35600,35950,35400,1891553
2022-08-05,35850,35600,36300,35450,1255780
2022-08-04,35450,35250,35450,35100,803106
2022-08-03,35250,35000,35250,34950,644795
2022-08-02,35150,35300,35400,34900,932751
2022-08-01,35050,35700,35750,34850,1387853
2022-07-29,35700,36100,36150,35650,1178067
2022-07-28,35700,35550,36150,35400,922485
2022-07-27,35650,35300,35900,35250,969971
2022-07-26,35750,35800,36000,35600,1000911
2022-07-25,36000,35750,36600,35600,1708877
2022-07-22,35650,35150,35800,35100,1188819
2022-07-21,35850,35100,36000,34800,1127718
2022-07-20,35550,35200,36000,35050,1712917
2022-07-19,34600,34550,35200,34350,818629
2022-07-18,34650,34050,35000,33850,1372194
2022-07-15,33400,33400,33800,32500,1783607
2022-07-14,34000,34550,34700,33900,1855853
2022-07-13,34600,36050,36050,34600,1661660
2022-07-12,35600,35500,35800,35200,1215464
2022-07-11,35850,35900,36400,35650,1153210
2022-07-08,36250,35050,36400,34800,1698774
2022-07-07,35050,35100,35700,34550,2023903
2022-07-06,35450,36500,37000,35350,2127220
2022-07-05,37300,37700,37800,36850,1190411
2022-07-04,37250,37550,37900,36700,1275013
2022-07-01,37900,37450,38250,37100,1334004
2022-06-30,37050,37450,37900,36950,2161589
2022-06-29,37850,38450,38600,37700,1319026
2022-06-28,39000,38400,39000,37950,1762663
2022-06-27,38500,38300,38850,37750,1384979
2022-06-24,38700,37150,38750,37100,1292676
2022-06-23,37750,38350,39250,37650,2335187
2022-06-22,39050,39650,39650,37800,2298999
2022-06-21,39600,40250,40250,39300,991921
2022-06-20,39750,39800,40400,39350,995976
2022-06-17,40050,40200,40650,39600,1485752
2022-06-16,40550,41500,41600,40500,1238928
2022-06-15,40750,40600,41250,40250,1068620
2022-06-14,40950,40950,40950,39750,1477611
2022-06-13,40550,41200,41650,40500,1147270
2022-06-10,42200,41900,42300,41300,1924516
2022-06-09,42500,41750,42500,41600,2049638
2022-06-08,41800,41700,42200,41550,659863
2022-06-07,41700,42200,42250,41550,1178687
2022-06-03,42450,42100,42950,42100,862082
2022-06-02,42350,43450,43450,42050,1351812
2022-05-31,43050,43200,43450,42550,3465092
2022-05-30,43200,43000,43450,42900,981376
2022-05-27,42900,42600,42950,42200,1202202
2022-05-26,42350,42100,42650,41850,901178
2022-05-25,42350,42650,42650,42000,1281111
2022-05-24,42000,41850,42650,41850,1276688
2022-05-23,41600,42000,42000,41200,907576
2022-05-20,41700,40700,42000,40700,1283629
2022-05-19,40700,41100,41400,40650,1732281
2022-05-18,42050,42400,42600,42050,975421
2022-05-17,42400,42350,42650,42050,924490
2022-05-16,42350,42050,42450,41950,877622
2022-05-13,42300,41400,42400,40850,1243781
2022-05-12,41000,40050,41500,40050,1311998
2022-05-11,40450,40850,40850,40200,1149131
2022-05-10,41100,42300,42300,41000,1259712
2022-05-09,42400,42050,42700,42050,874871
2022-05-06,42250,42450,42600,41650,1142986
2022-05-04,42500,42000,42500,41650,967234
2022-05-03,41650,41250,42100,41250,669404
2022-05-02,41700,41650,41900,41200,715653
2022-04-29,42150,41700,42400,41650,1069064
2022-04-28,42450,41000,42450,40600,1563980
2022-04-27,41200,41100,41350,40600,1376465
2022-04-26,41700,42300,42300,41600,1118892
2022-04-25,42050,41850,42950,41550,2682884
2022-04-22,42150,40850,42150,40800,1821179
2022-04-21,41350,41300,41500,40950,1206275
2022-04-20,40950,40300,41400,40250,1669191
2022-04-19,40650,40350,40800,40250,853181
2022-04-18,40150,40050,40400,39900,336238
2022-04-15,40300,40350,40800,40150,618344
2022-04-14,40750,40350,41100,40250,1293920
2022-04-13,40450,40850,40850,40250,1148657
2022-04-12,40950,41100,41500,40850,1039504
2022-04-11,41150,40300,41150,40250,1032854
2022-04-08,40250,40200,40500,40000,877310
2022-04-07,40300,40000,40900,40000,1234355
2022-04-06,40800,39900,41050,39900,1649947
2022-04-05,40400,41350,41400,40100,1281139
2022-04-04,41500,41400,41550,41150,727972
2022-04-01,41450,40700,41500,40650,1069020
2022-03-31,41500,41200,41650,41050,1206052
2022-03-30,41200,41050,41550,40600,1333623
2022-03-29,41300,41150,41750,41100,1650617
2022-03-28,41100,39700,41150,39700,1806851
2022-03-25,40100,40100,40400,39850,1436013
2022-03-24,39800,39150,40400,39100,1995003
2022-03-23,39700,39000,39850,38900,1657155
2022-03-22,38700,38250,38850,38250,1011346
2022-03-21,38200,38300,38350,38000,860733
2022-03-18,38200,38150,38200,37700,1570197
2022-03-17,38300,38500,38900,38300,1503266
2022-03-16,37900,37900,38100,37500,1223813
2022-03-15,37900,37650,38200,37550,1625651
2022-03-14,37650,37050,37750,36850,1392866
2022-03-11,37350,36950,37400,36700,1507994
2022-03-10,37100,37200,37250,36700,2266453
2022-03-08,36400,36400,36850,36300,1303236
2022-03-07,37200,37700,37800,36900,1461888
2022-03-04,38200,38250,38400,37750,867597
2022-03-03,38550,38350,38700,38300,1034752
2022-03-02,38200,38400,38650,38050,1603611
2022-02-28,39050,38850,39050,38300,2139605
2022-02-25,38950,39400,39550,38550,1680980
2022-02-24,39800,40700,40700,39500,1758982
2022-02-23,40700,40800,41050,40500,938664
2022-02-22,40650,40500,40800,40100,1304897
2022-02-21,41250,40000,41250,40000,805024
2022-02-18,41250,40800,41400,40650,1080409
2022-02-17,41250,41300,41550,40850,1472245
2022-02-16,41100,40800,41100,40450,1407902
2022-02-15,40450,40500,40850,40100,1253631
2022-02-14,40400,40750,40800,40050,1584007
2022-02-11,41100,40200,41100,39850,2151781
2022-02-10,40500,40850,41150,40100,2078068
2022-02-09,40600,40000,40750,39800,2437119
2022-02-08,39650,39850,40200,39400,1655941
2022-02-07,39700,39550,39700,39200,1277055
2022-02-04,39450,38600,39450,38500,1518372
2022-02-03,38600,38000,38750,37950,1502176
2022-01-28,38150,38350,38400,37750,1398673
2022-01-27,38100,38500,38500,37350,3454717
2022-01-26,38300,37750,38350,37700,1038172
2022-01-25,37700,37850,38350,37100,1305908
2022-01-24,38350,39050,39400,37950,1097636
2022-01-21,39250,38450,39250,38200,1271940
2022-01-20,38800,39500,39500,38750,1295859
2022-01-19,39500,38900,39850,38750,1881044
2022-01-18,38900,38950,39300,38550,1205039
2022-01-17,38850,39400,39450,38400,1121258
2022-01-14,39300,39250,39600,38900,1393257
2022-01-13,39450,39800,39850,39200,1595426
2022-01-12,39750,38950,39750,38950,3023937
2022-01-11,39000,38600,39200,38500,2213546
2022-01-10,38550,37800,38600,37700,2619613
2022-01-07,37650,37300,37650,36900,1126929
2022-01-06,37300,37650,37850,37150,1232985
2022-01-05,37500,37800,37950,37300,1473096
2022-01-04,37600,37300,37600,37200,1128934
2022-01-03,37250,36700,37450,36700,1090787
2021-12-30,36800,36950,37250,36800,1306746
2021-12-29,37200,36750,37250,36600,1831621
2021-12-28,38150,38000,38150,37700,2101338
2021-12-27,37900,38000,38050,37750,1110251
2021-12-24,37900,37950,38100,37850,829745
2021-12-23,38000,38150,38150,37850,628736
2021-12-22,38100,38000,38200,37850,893619
2021-12-21,37850,38150,38300,37850,1189164
2021-12-20,37900,38050,38150,37800,941564
2021-12-17,38400,37700,38400,37450,1949630
2021-12-16,37550,37100,37550,37050,902427
2021-12-15,37100,36900,37300,36700,795570
2021-12-14,37200,36700,37200,36300,1500371
2021-12-13,37100,37300,37700,37000,1042775
2021-12-10,37300,37550,37650,37150,800785
2021-12-09,37650,37400,37700,37350,1866503
2021-12-08,37550,37500,37900,37300,1354958
2021-12-07,37400,37100,37400,36900,995132
2021-12-06,37050,37000,37300,36500,1008767
2021-12-03,37050,36300,37050,35850,1446972
2021-12-02,36000,34800,36000,34550,1432693
2021-12-01,35250,34950,35500,34900,1593912
2021-11-30,34650,36000,36250,34650,3653594
2021-11-29,36300,35900,36700,35750,1267034
2021-11-26,36700,37150,37300,36550,1484622
2021-11-25,37350,38050,38050,37350,815872
2021-11-24,37750,37550,38350,37500,1362972
2021-11-23,37300,37550,38050,37300,1356943
2021-11-22,37350,37050,37550,37000,885209
2021-11-19,37350,37150,37450,37050,1050586
2021-11-18,37150,37350,37400,37000,1106297
2021-11-17,37450,38050,38200,37400,1236600
2021-11-16,38350,37750,38350,37450,1113970
2021-11-15,37800,37600,37800,37450,735022
2021-11-12,37550,37250,37750,37250,706892
2021-11-11,37250,37550,37600,37100,1074161
2021-11-10,37450,37250,37900,37250,788060
2021-11-09,37450,37550,38150,37350,1051994
2021-11-08,37550,37400,37700,37050,833236
2021-11-05,37600,37900,38100,37150,1762415
2021-11-04,37950,38300,38600,37900,1061339
2021-11-03,37850,38500,38500,37600,1307517
2021-11-02,38200,38350,38700,38200,1178985
2021-11-01,38300,38450,38600,38100,1317581
2021-10-29,38250,38950,39100,38100,1492252
2021-10-28,38600,39500,39600,38600,1626400
2021-10-27,39550,40700,40750,39500,1582472
2021-10-26,40700,40800,40900,40350,1308228
2021-10-25,40500,40100,40800,39900,1490069
2021-10-22,40050,40000,40350,39800,954085
2021-10-21,40350,39800,40350,39650,1715891
2021-10-20,39800,39300,40000,39300,1076886
2021-10-19,39300,39350,39600,39100,778409
2021-10-18,39350,39150,39500,38800,1233543
2021-10-15,39000,38900,39200,38750,1141181
2021-10-14,38900,38850,39100,38550,1085931
2021-10-13,38800,38400,39100,38150,1707777
2021-10-12,38450,38600,38850,38000,2149559
2021-10-08,39100,39500,39650,39050,1292331
2021-10-07,39800,39500,40000,39500,1090876
2021-10-06,39200,39650,39950,39150,1532607
2021-10-05,39400,39200,39950,38800,1971682
2021-10-01,39700,40150,40400,39700,1377173
2021-09-30,40400,39950,40500,39650,1784894
2021-09-29,39850,40000,40300,39450,1504973
2021-09-28,40150,39750,40500,39650,2097479
2021-09-27,39550,39000,39700,39000,991297
2021-09-24,39650,39150,39900,39050,1802862
2021-09-23,38950,38250,38950,38100,1693260
2021-09-17,38700,38400,38700,38300,1079349
2021-09-16,38750,38850,39000,38350,765677
2021-09-15,38850,38700,39150,38650,1023417
2021-09-14,39150,38650,39300,38650,1345832
2021-09-13,38450,38100,38600,38000,776036
2021-09-10,38250,38500,38550,37950,1107488
2021-09-09,38750,38500,38750,38050,1858340
2021-09-08,38600,38000,38600,38000,1447777
2021-09-07,38250,38250,38500,38000,800282
2021-09-06,38500,38650,38750,38150,945777
2021-09-03,38700,38700,38950,38550,784107
2021-09-02,38800,38700,39500,38650,1220637
2021-09-01,39250,39100,39350,38750,957200
2021-08-31,38850,38100,38850,37550,2096211
2021-08-30,38300,39300,39350,38050,1135687
2021-08-27,39250,39300,39300,38850,1098653
2021-08-26,39350,39150,39600,38600,1812491
2021-08-25,38950,38350,38950,38200,1114072
2021-08-24,38650,37850,38650,37750,1262833
2021-08-23,37450,37550,37950,37200,1113380
2021-08-20,37100,37400,37650,36800,1491054
2021-08-19,37550,38800,38850,37200,1827166
2021-08-18,39000,38900,39000,38550,836600
2021-08-17,38850,38800,39050,38500,1378827
2021-08-13,38900,39700,39700,38450,1344029
2021-08-12,39350,39500,39750,39300,1499688
2021-08-11,39200,39050,39400,38750,1682307
2021-08-10,38900,39250,39450,38550,1053076
2021-08-09,39100,38900,39300,38800,1370557
2021-08-06,38750,38850,39400,38500,1436351
2021-08-05,38700,38800,39200,38600,1072144
2021-08-04,39050,38900,39350,38750,1142319
2021-08-03,38750,38250,38750,38200,1055373
2021-08-02,38600,39200,39300,38200,1552716
2021-07-30,39150,40250,40250,38800,1854747
2021-07-29,40050,39800,40200,39600,1998360
2021-07-28,39700,38400,39700,38150,2001130
2021-07-27,38400,38150,38600,38000,1094252
2021-07-26,37950,38750,38750,37900,745243
2021-07-23,38350,38500,38600,38050,1005931
2021-07-22,38450,38050,38750,38000,1726773
2021-07-21,37550,37800,37950,37500,1108446
2021-07-20,37550,37350,37750,37350,2095357
2021-07-19,38200,38250,38450,38100,846332
2021-07-16,38750,38550,38750,38250,1483749
2021-07-15,38700,38500,38800,38250,1129349
2021-07-14,38600,38850,39000,38550,1522194
2021-07-13,39450,39400,39800,39350,861142
2021-07-12,39150,38900,39500,38800,1164432
2021-07-09,38200,38450,38700,37900,2538205
2021-07-08,38950,39000,39500,38800,1488835
2021-07-07,39200,39350,39750,38900,1978541
2021-07-06,39900,40000,40100,39800,759485
2021-07-05,39800,40250,40250,39750,1117185
2021-07-02,40250,40200,40550,40050,963814
2021-07-01,40100,40650,40700,40000,1188744
2025-07-30,68900,68500,69200,68200,900021
2025-07-29,68800,65500,69500,65500,1781828
2025-07-28,67200,70600,70900,66500,2257335
2025-07-25,71200,68700,73500,68200,2558748
2025-07-24,69300,68700,70400,68700,1032416
2025-07-23,68100,68500,69700,67600,783907
2025-07-22,68200,68600,69400,67800,834799
2025-07-21,69000,68500,69500,68200,919832
2025-07-18,68900,69900,70400,68000,796990
2025-07-17,69900,69500,70100,68300,1556798
2025-07-16,69400,70900,71100,69050,1537897
2025-07-15,70800,71100,71400,69900,1164809
2025-07-14,71800,69200,72200,69200,1533140
2025-07-11,69300,69200,70400,68200,1522382
2025-07-10,69900,69800,70300,68500,2246192
2025-07-09,69800,70800,71200,69000,3382082
2025-07-08,71100,66000,72100,65700,2971077
2025-07-07,66000,63400,66000,63100,1734023
2025-07-04,63000,63800,64700,62900,1697761
2025-07-03,63700,61700,63700,61600,1444649
2025-07-02,61700,62300,62900,60800,1585897
2025-07-01,62200,62000,63600,61700,1752220
2025-06-30,61400,60600,61800,60400,2251863
2025-06-27,60500,59800,61900,59700,1643936
2025-06-26,59700,60800,61900,59200,2136686
2025-06-25,60600,61100,61300,59800,12851355
2025-06-24,61000,60700,62100,60600,1615168
2025-06-23,60100,58800,60700,58800,1172294
2025-06-20,59300,59400,60400,59200,3768399
2025-06-19,59400,58700,59600,58600,1357661
2025-06-18,59200,59100,60600,58100,1643280
2025-06-17,60300,59700,61500,59500,1683290
2025-06-16,60600,59100,60700,58500,966984
2025-06-13,59000,58500,59400,57900,2176121
2025-06-12,58600,59000,59600,58300,1955484
2025-06-11,59800,60400,60600,58700,1226916
2025-06-10,60900,60300,61700,59800,1887065
2025-06-09,60400,59500,60900,59000,2179222
2025-06-05,59200,59700,60100,58400,1767739
2025-06-04,59900,55300,59900,55300,2590648
2025-06-02,55800,57600,58100,55000,1899090
2025-05-30,58100,57400,58400,57300,2273662
2025-05-29,57500,56800,57800,56300,977099
2025-05-28,56600,56600,57200,55900,1164221
2025-05-27,56500,55800,56800,55700,891251
2025-05-26,56300,55400,56300,55300,1059211
2025-05-23,55100,54300,55600,54100,1073338
2025-05-22,54100,53500,54400,53200,1131984
2025-05-21,53800,53900,54300,53600,855647
2025-05-20,53800,52600,53800,52600,1332387
2025-05-19,52100,51800,52800,51700,761439
2025-05-16,51800,51500,52200,51200,554587
2025-05-15,51700,51400,52300,51400,587678
2025-05-14,51800,51700,52400,51500,1027546
2025-05-13,51800,51000,52100,50900,1298922
2025-05-12,51700,51200,51800,51000,854870
2025-05-09,50700,50700,51100,50300,808671
2025-05-08,50900,50700,51300,50600,1398474
2025-05-07,51100,52000,52300,51100,1328471
2025-05-02,51200,51100,51600,50600,993916
2025-04-30,51400,50400,51800,50400,1685443
2025-04-29,50400,49350,51000,49300,1279248
2025-04-28,49350,49800,50200,49200,965057
2025-04-25,49750,49300,50200,49200,1675511
2025-04-24,48750,48800,49100,48550,673535
2025-04-23,48900,48750,49200,48500,1135450
2025-04-22,48450,48400,48750,48100,1032942
2025-04-21,48700,47650,48700,47650,988741
2025-04-18,47650,47150,47800,47100,952557
2025-04-17,47150,47200,47550,46900,1137939
2025-04-16,47800,47150,47900,47050,913054
2025-04-15,47100,46250,47350,46250,1171151
2025-04-14,46250,46500,46800,46100,984426
2025-04-11,46100,45000,46450,44900,1154406
2025-04-10,46000,45550,46350,45000,1611499
2025-04-09,43600,43550,44000,42500,1647012
2025-04-08,43850,45550,45550,43750,1847161
2025-04-07,45050,45000,45600,44150,1867826
2025-04-04,47050,46900,47550,46300,1351789
2025-04-03,47550,47050,47650,46700,1292227
2025-04-02,48700,48150,49000,47900,1017407
2025-04-01,48100,47100,48400,47100,911022
2025-03-31,47050,47000,47450,46550,1352535
2025-03-28,47800,47500,48000,46850,1141973
2025-03-27,48400,48350,48750,47950,1018355
2025-03-26,48500,49000,49050,48450,979827
2025-03-25,48950,48150,49000,48050,1064323
2025-03-24,48600,47750,48850,47550,941614
2025-03-21,47800,46850,48100,46850,1752832
2025-03-20,47550,47650,48250,47550,1125789
2025-03-19,47250,46550,47500,46500,988729
2025-03-18,46550,46700,47500,46500,1051074
2025-03-17,46550,46100,46600,45900,1005906
2025-03-14,45700,45400,46400,45200,1036479
2025-03-13,45850,45250,46600,45250,1607399
2025-03-12,45150,45000,45550,44750,1183350
2025-03-11,45000,44900,45400,44700,1316172
2025-03-10,45600,45050,46050,44900,968529
2025-03-07,45000,45750,46250,44900,1803119
2025-03-06,46350,45200,46600,45200,1925797
2025-03-05,44650,46350,46600,44400,1969675
2025-03-04,46150,46400,47100,45950,1570129
2025-02-28,45850,46600,47300,45850,3070901
2025-02-27,47500,47400,47850,47050,1258650
2025-02-26,47550,46350,47800,46300,1987758
2025-02-25,46350,46700,47000,46300,1708278
2025-02-24,47200,47550,47650,46200,1666686
2025-02-21,47650,47800,48450,47500,2423401
2025-02-20,47300,48050,48200,46650,3083547
2025-02-19,48450,48650,49050,48450,1930383
2025-02-18,48450,48350,48800,48250,1384205
2025-02-17,48450,48300,48750,47950,880421
2025-02-14,48350,47500,48550,47500,1527922
2025-02-13,48450,48450,49000,48400,2128957
2025-02-12,48600,48750,49450,48600,1261936
2025-02-11,49100,49450,49750,48850,812888
2025-02-10,49400,48900,49850,48800,1068542
2025-02-07,49250,49900,50300,49150,1097705
2025-02-06,50000,50400,50600,49000,1632445
2025-02-05,50700,51200,52000,50600,1164141
2025-02-04,51000,50300,51300,50100,1082282
2025-02-03,50200,51300,51400,49800,1136445
2025-01-31,51100,51000,51900,50700,1386966
2025-01-24,50000,50500,50600,49700,1098318
2025-01-23,50300,50400,51300,50000,1215307
2025-01-22,50000,50200,50600,50000,932267
2025-01-21,49750,50100,50400,49550,740714
2025-01-20,49950,49600,50500,49600,783496
2025-01-17,49450,50800,51100,49000,1345174
2025-01-16,50300,50900,51000,50000,818752
2025-01-15,50300,50100,51400,49750,1577800
2025-01-14,49500,50200,50300,49200,800945
2025-01-13,50000,49200,50300,49200,969835
2025-01-10,49850,49200,50300,49100,995783
2025-01-09,49500,48850,50000,48800,1083039
2025-01-08,49150,48500,49700,48500,821327
2025-01-07,48950,48950,49850,48800,1204267
2025-01-06,48950,48250,48950,48000,983822
2025-01-03,48200,47850,49100,47850,1054730
2025-01-02,47750,47550,48550,47550,594123
2024-12-30,47650,48850,49350,47650,843682
2024-12-27,48350,48450,48900,48000,898979
2024-12-26,48900,49500,49500,48500,1011341
2024-12-24,49400,49200,49400,48750,594327
2024-12-23,49300,48350,49450,48300,829898
2024-12-20,48250,48550,48850,47800,1330773
2024-12-19,48850,48700,49250,48300,1448266
2024-12-18,50000,48850,50300,48850,1283410
2024-12-17,48650,49400,49650,48500,1626674
2024-12-16,49500,49950,50400,49250,1544004
2024-12-13,49500,50400,50700,49300,2268368
2024-12-12,50600,50500,51200,50100,2480548
2024-12-11,50400,50700,51000,50000,1332116
2024-12-10,49950,50200,50700,49800,1891657
2024-12-09,50700,50000,51500,50000,1971765
2024-12-06,51300,50800,52300,50200,2179168
2024-12-05,49800,52000,52200,49600,2698547
2024-12-04,52700,55300,55500,51900,2898181
2024-12-03,56400,54700,56600,54600,1655612
2024-12-02,53900,53900,54400,53000,1217342
2024-11-29,53000,53500,53800,52200,1783890
2024-11-28,53500,54900,55000,53100,2004331
2024-11-27,55100,54500,55900,54500,1443643
2024-11-26,54300,55400,55800,54200,1299722
2024-11-25,56400,55500,56900,55400,2070220
2024-11-22,55700,56000,56800,55600,837388
2024-11-21,55500,55400,56100,54800,811010
2024-11-20,55700,54100,55900,54100,1024579
2024-11-19,53700,53300,54300,53100,1269187
2024-11-18,53500,53200,54300,53100,1519841
2024-11-15,53700,56800,56900,53700,1390496
2024-11-14,56500,56900,57200,55800,1426298
2024-11-13,56000,55800,56600,55000,1041076
2024-11-12,55800,56500,57500,55700,914641
2024-11-11,56500,56100,56700,55800,641009
2024-11-08,56800,57000,57300,56100,895159
2024-11-07,57000,56900,57400,56000,1436247
2024-11-06,56000,54400,56600,54000,1171696
2024-11-05,54200,54100,54700,53500,700806
2024-11-04,54500,54100,54800,53600,1429421
2024-11-01,54000,51900,54300,51800,1685978
2024-10-31,51300,53800,54200,51300,2550815
2024-10-30,54500,55500,55600,54000,1985314
2024-10-29,56700,55900,56900,55600,1236712
2024-10-28,56000,57400,57600,55500,1428755
2024-10-25,58000,56500,59900,56500,2223554
2024-10-24,56100,56600,56700,55500,613508
2024-10-23,56300,56500,57800,55700,1030106
2024-10-22,56000,55700,56200,55200,842648
2024-10-21,55800,57000,57000,55700,723091
2024-10-18,56500,56800,57000,56000,808927
2024-10-17,56800,57400,57700,56100,646408
2024-10-16,56400,56400,57400,55400,1581232
2024-10-15,57800,58100,58300,57100,653219
2024-10-14,58100,57100,59400,56900,1649486
2024-10-11,57500,57600,58000,56800,817372
2024-10-10,56800,56900,57300,55600,1368461
2024-10-08,55400,54900,55500,54300,1151924
2024-10-07,55500,55500,55800,54600,1149097
2024-10-04,54900,55500,55900,54100,1540085
2024-10-02,55900,55000,57100,54700,1298666
2024-09-30,55500,56600,56800,55300,1399941
2024-09-27,56200,56400,57900,56200,1171368
2024-09-26,57000,54600,57000,54500,1949328
2024-09-25,53500,57000,57500,53200,2379852
2024-09-24,56400,56300,56600,55000,1991667
2024-09-23,55800,55800,56700,55500,885060
2024-09-20,55500,57100,57300,55500,2181203
2024-09-19,56900,56100,57000,55700,1107349
2024-09-13,55900,54500,55900,54500,1280946
2024-09-12,53900,53500,53900,52900,1798591
2024-09-11,53100,57600,57600,52900,1907871
2024-09-10,56600,56100,56700,55400,926984
2024-09-09,56100,56000,56300,54800,1225919
2024-09-06,57100,56700,57500,56300,1189794
2024-09-05,56200,56000,56600,55300,982448
2024-09-04,55500,56900,57000,55400,998414
2024-09-03,57200,56300,57300,56100,858085
2024-09-02,56300,56500,56700,55300,1087907
2024-08-30,56100,57900,58000,56100,1566812
2024-08-29,57100,57100,58600,56400,835722
2024-08-28,57600,59400,59900,56900,1250707
2024-08-27,59700,61800,61800,59500,1054127
2024-08-26,61400,59800,64600,59500,2376336
2024-08-23,60000,59900,60000,58100,1156046
2024-08-22,59100,58400,59100,57000,1645440
2024-08-21,58800,58600,59200,57500,1457620
2024-08-20,58400,57200,58700,57200,920358
2024-08-19,57200,55900,58100,55400,1086839
2024-08-16,55500,55700,56700,55200,1283301
2024-08-14,55000,55700,56000,54500,729272
2024-08-13,55500,54000,55800,53800,1331914
2024-08-12,54100,54400,54700,53600,843671
2024-08-09,54000,53700,54500,52800,1661725
2024-08-08,54200,53200,54500,52700,1860065
2024-08-07,53700,52400,54700,52000,2228993
2024-08-06,53200,54700,55700,53200,2300982
2024-08-05,52800,53800,54500,51600,2897784
2024-08-02,57100,59500,60000,56300,1894909
2024-08-01,60700,59800,61100,59600,1124108
2024-07-31,59800,59500,60600,58700,1535091
2024-07-30,59500,59800,60400,59200,1805546
2024-07-29,60700,58400,64200,58100,4871313
2024-07-26,58000,54200,58400,54200,3558607
2024-07-25,54500,54500,55700,54000,1514707
2024-07-24,54800,54700,55900,54400,1727556
2024-07-23,55100,55100,56000,55000,1574201
2024-07-22,55000,53600,55500,53300,1883148
2024-07-19,53400,53300,53700,52200,1566852
2024-07-18,54300,52500,54300,52400,1772040
2024-07-17,53800,52600,54000,51800,1609621
2024-07-16,52600,52200,53300,51800,1030734
2024-07-15,51800,52600,52700,51500,955712
2024-07-12,52400,52100,52900,51500,895581
2024-07-11,52000,51600,52500,51500,1504253
2024-07-10,51000,51000,51400,50600,988357
2024-07-09,51500,51500,52200,50100,1254471
2024-07-08,52000,53000,54000,51800,1034352
2024-07-05,53500,53400,54200,52900,1785928
2024-07-04,52500,51100,53200,50800,1628825
2024-07-03,51100,49600,52500,49350,3366585
2024-07-02,49500,47500,50500,47500,2635828
2024-07-01,47850,47650,48150,47500,841977
2024-06-28,48150,47950,48600,47200,1207957
2024-06-27,47150,46900,47200,46200,948915
2024-06-26,47650,46850,47950,46450,1027364
2024-06-25,47450,48450,48450,47350,839962
2024-06-24,48000,47200,48000,47200,728944
2024-06-21,47600,48000,48200,47400,1059661
2024-06-20,47650,46350,47800,46350,871052
2024-06-19,46350,46200,46400,45700,843205
2024-06-18,45700,46500,46750,45650,740437
2024-06-17,46200,46500,46900,45800,878203
2024-06-14,46950,46750,47650,46650,1584339
2024-06-13,46950,47750,48450,46950,1772266
2024-06-12,47800,45950,47800,45500,1580910
2024-06-11,46200,46500,47000,46200,956400
2024-06-10,46200,46600,47300,45900,872301
2024-06-07,47100,46900,48200,46250,1914676
2024-06-05,45550,45500,45900,44350,1212947
2024-06-04,45400,46550,47100,45300,1266371
2024-06-03,47000,48100,48250,46950,784501
2024-05-31,47150,46450,48350,46350,2926485
2024-05-30,46000,45900,47200,45900,1196258
2024-05-29,46300,46000,47000,45750,1116005
2024-05-28,46550,46550,46900,46300,787954
2024-05-27,47000,47300,48050,46800,763379
2024-05-24,47400,46850,47850,46450,1046047
2024-05-23,47550,47000,48000,46800,1203687
2024-05-22,47850,49100,49100,47750,942514
2024-05-21,48900,48500,49400,48300,944210
2024-05-20,49000,48500,50200,48300,1394788
2024-05-17,47700,47700,48200,47600,985756
2024-05-16,48150,48000,49200,47750,2673336
2024-05-14,47500,48300,48350,47350,1049266
2024-05-13,47750,47800,49300,47600,1281335
2024-05-10,47750,47200,48350,47000,1308651
2024-05-09,46500,46850,47550,46350,1320150
2024-05-08,47300,46500,47750,46450,1592494
2024-05-07,46250,46950,47400,45350,1833197
2024-05-03,46450,46400,47050,45950,827456
2024-05-02,45800,45800,46600,45200,1685667
2024-04-30,46650,47200,47550,46150,2276490
2024-04-29,46850,46850,47350,46150,1873235
2024-04-26,46750,44050,47800,43950,3657539
2024-04-25,43500,42800,44200,42550,1229092
2024-04-24,43300,44550,45200,43200,1697154
2024-04-23,43900,43850,45150,43550,2305670
2024-04-22,44300,43050,44650,43050,2377699
2024-04-19,41750,41350,41850,40900,1652874
2024-04-18,41900,40900,42400,40600,1838520
2024-04-17,40550,41250,41450,40450,1171591
2024-04-16,41050,41950,42050,40700,1445005
2024-04-15,42150,41800,42400,40700,1200212
2024-04-12,41850,42650,43100,41300,2560050
2024-04-11,43100,41600,43750,41600,3381296
2024-04-09,43600,44550,44800,43400,1385474
2024-04-08,44400,44550,45000,44250,1516111
2024-04-05,44100,43900,44750,43900,1379480
2024-04-04,44550,44050,45150,44000,1610074
2024-04-03,43500,44900,45100,43300,2844036
2024-04-02,44900,45000,45450,44500,1929406
2024-04-01,45550,46300,46500,45350,1127773
2024-03-29,46000,47200,47500,45900,1377596
2024-03-28,47200,47250,47600,47050,2311059
2024-03-27,47000,47950,48350,46900,23699462
2024-03-26,49750,49900,51400,49650,1569695
2024-03-25,50600,50200,51000,49700,1399704
2024-03-22,50600,50300,51000,49900,1595917
2024-03-21,50900,49400,51000,49200,1756875
2024-03-20,48800,48600,49850,48600,1218353
2024-03-19,47850,48150,48500,47650,2119868
2024-03-18,48950,49550,49700,47350,2344805
2024-03-15,49600,50200,50600,49400,4184819
2024-03-14,51500,47650,51500,47600,4153381
2024-03-13,47600,45500,47600,45450,3301027
2024-03-12,45500,45400,46950,45150,2089979
2024-03-11,45700,45250,46150,45000,1828210
2024-03-08,46000,45800,46450,45150,3311443
2024-03-07,45400,44800,45950,44350,12779531
2024-03-06,45600,44150,45650,44150,2459149
2024-03-05,44050,44650,45350,44050,3116406
2024-03-04,44200,44750,44750,43100,3749034
2024-02-29,43550,42500,43800,42200,3407564
2024-02-28,42900,41600,43000,41600,1443410
2024-02-27,42000,41150,42600,40850,2181272
2024-02-26,41350,42450,42500,39850,2427411
2024-02-23,43300,42600,43600,42400,1911413
2024-02-22,42600,42900,42950,41550,1831382
2024-02-21,43050,43500,43650,42200,1887056
2024-02-20,43250,45100,45150,42550,2202279
2024-02-19,45050,45000,45500,44450,2427758
2024-02-16,44500,43500,44500,43100,1903016
2024-02-15,43000,44200,44500,42900,1718579
2024-02-14,43800,44000,44450,43350,1743330
2024-02-13,44500,44550,45750,44100,3719401
2024-02-08,44150,42450,44350,42250,4172976
2024-02-07,42850,41800,43150,41550,1531667
2024-02-06,42150,42550,43300,41850,1953833
2024-02-05,42700,44400,44400,41100,10298785
2024-02-02,45300,43350,45450,41500,5600729
2024-02-01,42500,41150,42500,41000,5403853
2024-01-31,40850,39500,40950,39400,1681181
2024-01-30,39950,40250,40600,39900,1366062
2024-01-29,40500,39900,41000,39550,1670283
2024-01-26,39800,39300,40050,39300,1209949
2024-01-25,39650,39700,39900,39450,6962512
2024-01-24,40050,38900,40450,38750,2481575
2024-01-23,39000,38000,39000,37600,1624286
2024-01-22,37150,37050,37350,36800,538586
2024-01-19,36800,36650,37100,36400,752717
2024-01-18,36350,36550,36600,36100,673440
2024-01-17,36550,37200,37600,36550,817498
2024-01-16,36850,36800,37100,36550,443148
2024-01-15,37200,36850,37350,36750,407756
2024-01-12,36650,37200,37250,36550,527547
2024-01-11,37200,37200,37850,36850,955636
2024-01-10,36750,37200,37550,36700,385732
2024-01-09,37250,37450,37500,36800,388703
2024-01-08,36950,37100,37350,36750,356649
2024-01-05,36850,37100,37300,36650,671689
2024-01-04,37300,37950,38000,37050,887191
2024-01-03,37900,38800,39200,37900,931521
2024-01-02,39350,39700,39800,38400,924555
2023-12-28,40150,39100,40150,38650,1045017
2023-12-27,39000,38950,39000,38500,525252
2023-12-26,39100,39200,39300,38550,746864
2023-12-22,38800,39350,39500,38800,387597
2023-12-21,39300,38900,39400,38900,621640
2023-12-20,39400,38850,39450,38550,930194
2023-12-19,38450,38200,38750,38150,648480
2023-12-18,38700,38550,38700,38300,664887
2023-12-15,38900,38000,38900,37950,1485313
2023-12-14,37900,37850,37900,37050,1779177
2023-12-13,37050,37000,37350,36950,583277
2023-12-12,37150,36900,37150,36600,873099
2023-12-11,36600,36950,36950,36500,576909
2023-12-08,36650,36650,36800,36250,536975
2023-12-07,36350,36400,36700,36200,575611
2023-12-06,36700,36500,37000,36500,640850
2023-12-05,36700,36550,36850,36300,654857
2023-12-04,36750,36450,36750,36350,640431
2023-12-01,36400,36900,36950,36300,627672
2023-11-30,36900,36200,36900,36050,1461987
2023-11-29,36300,36600,36950,36200,726167
2023-11-28,37000,37050,37100,36600,742029
2023-11-27,36750,36500,37000,36450,601759
2023-11-24,36750,37050,37100,36750,404462
2023-11-23,36950,36700,37350,36700,609988
2023-11-22,36850,36550,37000,36550,474085
2023-11-21,36950,36550,37000,36350,969640
2023-11-20,36300,36000,36500,35850,506681
2023-11-17,36100,36300,36500,35950,502726
2023-11-16,36350,36400,36600,36050,611301
2023-11-15,36300,36350,36400,35850,1201910
2023-11-14,35700,35750,36000,35450,764704
2023-11-13,35400,35600,35600,35150,472602
2023-11-10,35300,34750,35400,34750,886013
2023-11-09,34800,34750,35150,34750,816083
2023-11-08,34900,35350,35450,34700,765310
2023-11-07,35050,35400,35650,34750,1178490
2023-11-06,36100,35000,36100,34750,1117837
2023-11-03,34900,34950,35050,34700,805662
2023-11-02,34500,35050,35500,34350,1219824
2023-11-01,35000,34750,35100,34450,742924
2023-10-31,34750,34400,34850,34100,1164286
2023-10-30,34100,34900,35100,33650,1396810
2023-10-27,35000,35550,35800,34900,748852
2023-10-26,35050,35500,35500,35000,616954
2023-10-25,35350,34900,35500,34900,521887
2023-10-24,35000,35450,35500,34750,486029
2023-10-23,35100,35950,35950,35000,821028
2023-10-20,35950,35950,36050,35550,664066
2023-10-19,35950,36050,36200,35800,640177
2023-10-18,36400,35550,36550,35350,1277864
2023-10-17,35300,36000,36000,35300,468140
2023-10-16,35500,35300,35950,35300,640050
2023-10-13,35500,35150,35950,35150,435133
2023-10-12,35550,35500,35700,35050,925994
2023-10-11,35500,35600,35800,35200,693178
2023-10-10,35550,36250,36350,35400,873990
2023-10-06,35350,34500,35600,34350,872192
2023-10-05,34300,35100,35300,34200,1010803
2023-10-04,35050,35050,35350,34700,1350546
2023-09-27,35600,35250,35850,35100,749827
2023-09-26,35600,36550,36700,35500,1330083
2023-09-25,37100,37450,37500,36850,961489
2023-09-22,37450,37200,37550,37100,663062
2023-09-21,37500,37850,37850,37250,955576
2023-09-20,37800,37300,37850,37150,710593
2023-09-19,37350,37600,37850,37250,628425
2023-09-18,37700,37600,38000,36850,1212208
2023-09-15,38000,36950,38200,36700,2449194
2023-09-14,36650,37100,37100,36450,1083316
2023-09-13,36750,35900,36750,35900,1148345
2023-09-12,36000,36600,36650,35650,617219
2023-09-11,36450,35850,36500,35750,1091526
2023-09-08,35750,35700,35850,35500,388661
2023-09-07,35700,35400,35850,35400,507682
2023-09-06,35700,35500,35950,35400,618296
2023-09-05,35550,35550,35900,35500,415747
2023-09-04,35700,35750,35750,35450,389267
2023-09-01,35450,35900,36000,35400,535859
2023-08-31,35550,35750,36000,35450,1828015
2023-08-30,35400,35950,36050,35400,560438
2023-08-29,35600,35550,35800,35550,482222
2023-08-28,35550,35650,35800,35350,503942
2023-08-25,35200,34850,35400,34850,654534
2023-08-24,35050,35050,35350,35050,558688
2023-08-23,35050,34800,35300,34800,659929
2023-08-22,34950,34950,35200,34850,712316
2023-08-21,35100,35150,35350,34900,864600
2023-08-18,34800,34500,35300,34500,938684
2023-08-17,34750,34300,35050,34300,857443
2023-08-16,34550,34600,34700,34400,748667
2023-08-14,34950,34800,35150,34700,610387
2023-08-11,34800,34800,35650,34750,966885
2023-08-10,34800,34900,35450,34800,992061
2023-08-09,35100,35500,35700,35100,896240
2023-08-08,35650,35800,35800,35400,1141287
2023-08-07,35550,35100,35750,34950,1394643
2023-08-04,35100,34950,35450,34850,1204526
2023-08-03,34950,35600,35700,34850,1154574
2023-08-02,35600,35800,36000,35300,1338210
2023-08-01,35950,35000,36000,34900,1693468
2023-07-31,35050,34900,35150,34650,1144977
2026-07-31,100700,100900,101800,97500,1722435
2026-07-30,100800,98300,104800,96700,1471543
2026-07-29,98300,100300,103600,95700,1382227
2026-07-28,100900,102500,105400,99700,1253310
2026-07-27,105000,104800,105700,102400,694952
2026-07-24,104400,102900,107900,101900,1087479
2026-07-23,103800,104000,105400,102700,1083249
2026-07-22,104500,105500,107200,103600,1108336
2026-07-21,104700,97400,105500,97300,1095045
2026-07-20,101800,104500,105800,100000,1377804
2026-07-16,107900,108600,112400,105000,1463864
2026-07-15,107300,107700,110400,106700,1312064
2026-07-14,106500,111100,112000,106000,1427751
2026-07-13,108600,110800,113300,107500,1376745
2026-07-10,109200,106000,111800,104300,1598006
2026-07-09,105000,108700,109700,104000,1850603
2026-07-08,107300,108700,111000,105200,1619037
2026-07-07,108600,107300,109500,105800,1496772
2026-07-06,107700,107300,110700,106500,1420236
2026-07-03,107300,104000,108000,103100,2736622
2026-07-02,102200,95800,105000,94000,1842329
2026-07-01,96400,98400,98800,94500,790055
2026-06-30,95800,98300,98600,95700,1406235
2026-06-29,96400,91300,97200,90900,1297476
2026-06-26,91600,93700,94200,89400,1318276
2026-06-25,94500,97600,97600,94000,1010303
2026-06-24,95700,97700,98000,94400,1466503
2026-06-23,97700,100400,103700,96500,1558595
2026-06-22,97500,100000,100400,97400,1096436
2026-06-19,100900,102000,104400,98700,1899794
2026-06-18,100800,101500,103300,100100,1406780
2026-06-17,103100,107100,108800,102700,1337604
2026-06-16,106700,105600,110700,105500,1236763
2026-06-15,105600,102900,110800,102000,2048362
2026-06-12,99600,99400,105000,97700,2231836
2026-06-11,96900,96100,98300,94100,1880072
2026-06-10,98200,97500,100800,95300,1631177
2026-06-09,101200,98900,102200,96500,1853431
2026-06-08,97100,104700,104900,96500,2158180
2026-06-05,107500,106200,109800,102500,3611830
2026-06-04,100100,96800,102000,95500,2050259
2026-06-02,96400,96200,96400,91800,1391336
2026-06-01,92600,93200,96200,92600,1612094
2026-05-29,93600,94400,94800,91700,2778385
2026-05-28,92800,94800,95100,91000,1081678
2026-05-27,95000,96500,97300,94500,972307
2026-05-26,96000,98200,99300,95800,896531
2026-05-22,98200,96900,99300,95500,1064030
2026-05-21,94800,95500,96700,94500,904851
2026-05-20,94000,96400,96500,92900,1185712
2026-05-19,93900,92500,95600,92100,1459581
2026-05-18,93100,95900,96000,91100,1200095
2026-05-15,95100,96600,97300,93100,1544275
2026-05-14,96800,95200,96800,93400,1563957
2026-05-13,95200,98700,98800,94700,1080975
2026-05-12,96700,98600,99000,94500,1588028
2026-05-11,97200,98100,99900,96900,1444394
2026-05-08,98000,99400,99700,97800,1318573
2026-05-07,98900,98000,99700,96100,1592277
2026-05-06,97300,97900,99900,97300,1629888
2026-05-04,98000,101100,101300,97800,1775875
2026-04-30,99900,99000,101000,99000,1660803
2026-04-29,100000,100000,100000,98500,1568495
2026-04-28,99900,100000,100200,99100,1078329
2026-04-27,99700,101300,101300,99200,1224148
2026-04-24,100000,100000,101200,99100,1046117
2026-04-23,99900,98700,100000,97000,1173646
2026-04-22,98600,99300,99400,97700,1085847
2026-04-21,99800,100000,100500,99200,574865
2026-04-20,100000,100900,101400,99600,648379
2026-04-17,99600,99600,100600,99400,665036
2026-04-16,99900,101200,101200,99500,1011060
2026-04-15,99800,100000,100900,99200,1147263
2026-04-14,98300,98700,100000,98300,920893
2026-04-13,98300,96900,98900,96300,634338
2026-04-10,98700,97000,99800,97000,630191
2026-04-09,96600,97200,98900,96400,1334538
2026-04-08,96700,96300,98400,95600,1289184
2026-04-07,91400,91800,94500,91300,890817
2026-04-06,92900,92200,94400,91800,674005
2026-04-03,91800,93500,94800,91500,558564
2026-04-02,91700,95000,97300,90800,1038396
2026-04-01,93300,93900,94200,91000,1323951
2026-03-31,87700,89000,89600,87300,1790364
2026-03-30,90500,88400,91300,87800,1084400
2026-03-27,93500,93400,93900,90000,1363436
2026-03-26,93400,93100,94600,92200,1111630
2026-03-25,92100,92500,94000,91800,1255340
2026-03-24,90000,91600,93600,88200,1633427
2026-03-23,89900,94000,94600,89300,2083701
2026-03-20,97900,95900,98800,95800,3167172
2026-03-19,96500,93000,96700,92200,1262052
2026-03-18,95000,93800,95500,92100,2543008
2026-03-17,91200,91200,93300,90300,1304315
2026-03-16,90000,89900,91200,88900,1067616
2026-03-13,90800,87300,92700,87300,2446601
2026-03-12,91900,91100,92500,89900,1757642
2026-03-11,91100,90900,94200,90300,2055895
2026-03-10,89200,90800,92700,88000,1967408
2026-03-09,88500,85700,89700,83700,1991947
2026-03-06,91800,89000,91800,89000,2033531
2026-03-05,92900,95000,96200,92100,2972109
2026-03-04,88800,94500,94600,85000,3419674
2026-03-03,96700,95900,98300,95200,2289926
2026-02-27,96900,99500,99500,96400,3007690
2026-02-26,99900,99500,100400,98300,2054336
2026-02-25,99500,100300,100800,98500,1873831
2026-02-24,100900,103800,103800,97900,1893566
2026-02-23,101800,102900,102900,100900,1403896
2026-02-20,102000,101000,102600,100200,1540884
2026-02-19,100300,102500,103400,99500,2354745
2026-02-13,102500,105200,106200,102400,3014041
2026-02-12,106000,105600,107200,101100,2276252
2026-02-11,100900,97800,101000,97800,1648821
2026-02-10,97900,95700,99000,94800,1501360
2026-02-09,93400,96000,97000,93000,1997017
2026-02-06,93600,90100,93600,87800,2556081
2026-02-05,90900,90300,91700,88600,1254944
2026-02-04,90300,92000,92500,87000,1845534
2026-02-03,88000,85500,88000,85000,1479759
2026-02-02,82500,85000,88000,82000,1592537
2026-01-30,84300,84800,86400,83800,1651120
2026-01-29,85100,85800,85800,83400,1386473
2026-01-28,83800,84900,87000,83600,1383211
2026-01-27,86100,82700,86500,82500,1650498
2026-01-26,82400,83900,84500,82400,1238425
2026-01-23,83900,83000,83900,81800,1652599
2026-01-22,82900,81700,83500,81000,1661244
2026-01-21,81200,82300,82300,80000,1201441
2026-01-20,81900,78900,82400,78800,1709340
2026-01-19,79700,78700,80400,78000,970849
2026-01-16,79200,79600,79800,78700,1049256
2026-01-15,79400,80000,80800,78600,1160986
2026-01-14,79900,78400,80000,78100,1006405
2026-01-13,78400,78100,78500,76700,1153880
2026-01-12,78200,78500,78600,77200,1099821
2026-01-09,77800,78000,78800,77500,1054964
2026-01-08,77500,78900,78900,76900,1076940
2026-01-07,79000,79200,80200,78000,1137444
2026-01-06,80500,79600,80900,79200,1225397
2026-01-05,79100,77000,79300,76600,1031715
2026-01-02,76600,76600,77100,76000,640114
2025-12-30,76900,76900,77300,76500,556030
2025-12-29,77900,75600,77900,74600,673510
2025-12-26,76800,77400,77400,76200,446463
2025-12-24,77800,77100,78100,77100,667157
2025-12-23,76500,78200,78500,75900,712754
2025-12-22,78600,78800,78900,77800,746752
2025-12-19,77300,77000,77900,76500,1703877
2025-12-18,76200,76700,76900,75500,824462
2025-12-17,76400,76600,77200,75900,1054815
2025-12-16,75800,77300,77650,75200,1842576
2025-12-15,77200,77700,78200,76900,822037
2025-12-12,77700,78200,78500,77500,892297
2025-12-11,77100,78000,78400,77100,1439842
2025-12-10,77300,78600,78700,76800,845794
2025-12-09,78400,78800,78800,77500,760299
2025-12-08,78000,80000,80000,77300,1049583
2025-12-05,80200,79200,80400,78800,742348
2025-12-04,78700,79300,79800,78500,1088335
2025-12-03,79900,81100,81400,79700,1198843
2025-12-02,81400,79700,82300,79300,2024541
2025-12-01,79700,78800,79800,78000,1074044
2025-11-28,78000,78100,78500,77100,1035489
2025-11-27,78300,78400,79700,78000,646356
2025-11-26,79000,79000,79500,78200,846976
2025-11-25,77500,77500,79000,77100,956374
2025-11-24,76300,77700,79000,76300,2110616
2025-11-21,77000,75600,77000,75100,913178
2025-11-20,76700,77100,78050,76700,732402
2025-11-19,76700,77200,78000,76000,1062065
2025-11-18,76400,77700,78800,75500,913382
2025-11-17,78200,79000,79600,77700,1009477
2025-11-14,79600,80800,80900,79300,731700
2025-11-13,80700,81500,83900,80000,1660698
2025-11-12,81400,77900,81500,77900,1993050
2025-11-11,78000,77500,79800,77500,1551727
2025-11-10,78800,80000,82000,78800,2192476
2025-11-07,77400,80700,81000,77000,1769624
2025-11-06,79200,76200,80500,75700,1793927
2025-11-05,75300,78500,78500,74300,1329671
2025-11-04,76400,73700,77500,73400,1572032
2025-11-03,74100,72600,74200,72500,871014
2025-10-31,73300,73400,74300,72500,1355094
2025-10-30,73300,72600,75600,72500,1580004
2025-10-29,74400,76000,76000,73100,1534308
2025-10-28,74000,73700,74800,73200,1112879
2025-10-27,74500,73200,75400,73100,860452
2025-10-24,73400,73600,74300,73400,854727
2025-10-23,73300,72900,74900,72200,974313
2025-10-22,74100,73600,74300,72600,879014
2025-10-21,73900,74200,77300,73700,1033460
2025-10-20,74400,74100,75000,72100,1280106
2025-10-17,73100,72000,73700,71400,1129250
2025-10-16,72700,71200,72700,71100,1244136
2025-10-15,71100,69300,71200,69300,1062558
2025-10-14,68400,69600,70100,68100,1277396
2025-10-13,70400,72100,72300,69600,1857406
2025-10-10,72000,71400,72800,70700,2295623
2025-10-02,71400,71000,72600,70800,1851325
2025-10-01,70500,70500,71300,70300,717150
2025-09-30,70800,71000,71500,70500,1592794
2025-09-29,70900,71000,71300,70400,1246294
2025-09-26,69200,69200,69900,68800,1613570
2025-09-25,69800,69300,70900,69100,1239133
2025-09-24,69100,70000,70200,68700,981893
2025-09-23,69900,69300,70400,69100,977953
2025-09-22,69500,69800,70600,69500,818240
2025-09-19,69800,68400,69800,68100,2749337
2025-09-18,69000,69200,69800,68200,1305008
2025-09-17,69700,70500,70500,69200,1201636
2025-09-16,70900,70000,71400,69600,1419816
2025-09-15,69900,68600,70600,68400,1474243
2025-09-12,69300,68900,69400,68100,1537108
2025-09-11,67800,67200,68000,66900,2324459
2025-09-10,67500,65300,68300,64700,2320970
2025-09-09,65300,64700,65500,64300,1327669
2025-09-08,64400,64500,64600,63700,647824
2025-09-05,64600,64300,64900,64200,736413
2025-09-04,64500,64800,65300,63800,874183
2025-09-03,65600,65600,65600,64800,803871
2025-09-02,64900,63900,64900,63800,788902
2025-09-01,64000,65500,65600,63600,991727
2025-08-29,65300,65900,66200,64700,1123131
2025-08-28,66100,65400,67100,65300,973152
2025-08-27,65700,65000,66000,64900,1025055
2025-08-26,65000,66600,66700,65000,3442595
2025-08-25,66700,67200,67700,66200,988096
2025-08-22,66700,67100,67800,66600,1166963
2025-08-21,67000,67400,68300,66800,1302976
2025-08-20,66900,68000,68300,65600,1797034
2025-08-19,67400,69000,69000,66800,1239749
2025-08-18,67500,69000,69100,67000,1490270
2025-08-14,69100,69700,71100,69100,1291496
2025-08-13,69400,70300,71000,69000,812202
2025-08-12,70000,69200,71200,69200,979715
2025-08-11,69400,69300,69900,68700,624850
2025-08-08,69200,68600,69400,68300,695017
2025-08-07,69200,68500,69400,68400,951223
2025-08-06,68700,67500,68800,67500,857830
2025-08-05,68000,67700,68600,67200,1355211
2025-08-04,65900,65300,66400,65000,1276777
2025-08-01,65100,66800,67200,64800,1436739
2025-07-31,68000,68200,68600,67200,957023
,,,,,
